date,VIX_CBOE_Volatility
2005-01-03 00:00:00,14.08
2005-01-04 00:00:00,13.98
2005-01-05 00:00:00,14.09
2005-01-06 00:00:00,13.58
2005-01-07 00:00:00,13.49
2005-01-10 00:00:00,13.23
2005-01-11 00:00:00,13.19
2005-01-12 00:00:00,12.56
2005-01-13 00:00:00,12.84
2005-01-14 00:00:00,12.43
2005-01-17 00:00:00,12.43
2005-01-18 00:00:00,12.47
2005-01-19 00:00:00,13.18
2005-01-20 00:00:00,13.83
2005-01-21 00:00:00,14.36
2005-01-24 00:00:00,14.65
2005-01-25 00:00:00,14.06
2005-01-26 00:00:00,13.44
2005-01-27 00:00:00,13.24
2005-01-28 00:00:00,13.24
2005-01-31 00:00:00,12.82
2005-02-01 00:00:00,12.03
2005-02-02 00:00:00,11.66
2005-02-03 00:00:00,11.79
2005-02-04 00:00:00,11.21
2005-02-07 00:00:00,11.73
2005-02-08 00:00:00,11.6
2005-02-09 00:00:00,12.0
2005-02-10 00:00:00,11.51
2005-02-11 00:00:00,11.43
2005-02-14 00:00:00,11.52
2005-02-15 00:00:00,11.27
2005-02-16 00:00:00,11.1
2005-02-17 00:00:00,11.77
2005-02-18 00:00:00,11.18
2005-02-21 00:00:00,11.18
2005-02-22 00:00:00,13.14
2005-02-23 00:00:00,12.39
2005-02-24 00:00:00,11.57
2005-02-25 00:00:00,11.49
2005-02-28 00:00:00,12.08
2005-03-01 00:00:00,12.04
2005-03-02 00:00:00,12.5
2005-03-03 00:00:00,12.93
2005-03-04 00:00:00,11.94
2005-03-07 00:00:00,12.26
2005-03-08 00:00:00,12.4
2005-03-09 00:00:00,12.7
2005-03-10 00:00:00,12.49
2005-03-11 00:00:00,12.8
2005-03-14 00:00:00,12.39
2005-03-15 00:00:00,13.15
2005-03-16 00:00:00,13.49
2005-03-17 00:00:00,13.29
2005-03-18 00:00:00,13.14
2005-03-21 00:00:00,13.61
2005-03-22 00:00:00,14.27
2005-03-23 00:00:00,14.06
2005-03-24 00:00:00,13.42
2005-03-25 00:00:00,13.42
2005-03-28 00:00:00,13.75
2005-03-29 00:00:00,14.49
2005-03-30 00:00:00,13.64
2005-03-31 00:00:00,14.02
2005-04-01 00:00:00,14.09
2005-04-04 00:00:00,14.11
2005-04-05 00:00:00,13.68
2005-04-06 00:00:00,13.15
2005-04-07 00:00:00,12.33
2005-04-08 00:00:00,12.62
2005-04-11 00:00:00,11.98
2005-04-12 00:00:00,11.3
2005-04-13 00:00:00,13.31
2005-04-14 00:00:00,14.53
2005-04-15 00:00:00,17.74
2005-04-18 00:00:00,16.56
2005-04-19 00:00:00,14.96
2005-04-20 00:00:00,16.92
2005-04-21 00:00:00,14.41
2005-04-22 00:00:00,15.38
2005-04-25 00:00:00,14.62
2005-04-26 00:00:00,14.91
2005-04-27 00:00:00,14.87
2005-04-28 00:00:00,16.86
2005-04-29 00:00:00,15.31
2005-05-02 00:00:00,15.12
2005-05-03 00:00:00,14.53
2005-05-04 00:00:00,13.85
2005-05-05 00:00:00,13.98
2005-05-06 00:00:00,14.05
2005-05-09 00:00:00,13.75
2005-05-10 00:00:00,14.91
2005-05-11 00:00:00,14.45
2005-05-12 00:00:00,16.12
2005-05-13 00:00:00,16.32
2005-05-16 00:00:00,15.68
2005-05-17 00:00:00,14.57
2005-05-18 00:00:00,13.63
2005-05-19 00:00:00,13.32
2005-05-20 00:00:00,13.14
2005-05-23 00:00:00,12.95
2005-05-24 00:00:00,12.69
2005-05-25 00:00:00,12.58
2005-05-26 00:00:00,12.24
2005-05-27 00:00:00,12.15
2005-05-30 00:00:00,12.15
2005-05-31 00:00:00,13.29
2005-06-01 00:00:00,12.36
2005-06-02 00:00:00,11.84
2005-06-03 00:00:00,12.15
2005-06-06 00:00:00,12.28
2005-06-07 00:00:00,12.39
2005-06-08 00:00:00,12.7
2005-06-09 00:00:00,12.08
2005-06-10 00:00:00,11.96
2005-06-13 00:00:00,11.65
2005-06-14 00:00:00,11.79
2005-06-15 00:00:00,11.46
2005-06-16 00:00:00,11.15
2005-06-17 00:00:00,11.48
2005-06-20 00:00:00,11.47
2005-06-21 00:00:00,11.08
2005-06-22 00:00:00,11.05
2005-06-23 00:00:00,12.13
2005-06-24 00:00:00,12.18
2005-06-27 00:00:00,12.52
2005-06-28 00:00:00,11.58
2005-06-29 00:00:00,11.77
2005-06-30 00:00:00,12.04
2005-07-01 00:00:00,11.4
2005-07-04 00:00:00,11.4
2005-07-05 00:00:00,11.68
2005-07-06 00:00:00,12.27
2005-07-07 00:00:00,12.49
2005-07-08 00:00:00,11.45
2005-07-11 00:00:00,11.28
2005-07-12 00:00:00,10.95
2005-07-13 00:00:00,10.84
2005-07-14 00:00:00,10.81
2005-07-15 00:00:00,10.33
2005-07-18 00:00:00,10.77
2005-07-19 00:00:00,10.45
2005-07-20 00:00:00,10.23
2005-07-21 00:00:00,10.97
2005-07-22 00:00:00,10.52
2005-07-25 00:00:00,11.1
2005-07-26 00:00:00,10.99
2005-07-27 00:00:00,10.36
2005-07-28 00:00:00,10.52
2005-07-29 00:00:00,11.57
2005-08-01 00:00:00,12.08
2005-08-02 00:00:00,11.75
2005-08-03 00:00:00,11.83
2005-08-04 00:00:00,12.52
2005-08-05 00:00:00,12.48
2005-08-08 00:00:00,13.21
2005-08-09 00:00:00,12.4
2005-08-10 00:00:00,12.38
2005-08-11 00:00:00,12.42
2005-08-12 00:00:00,12.74
2005-08-15 00:00:00,12.26
2005-08-16 00:00:00,13.52
2005-08-17 00:00:00,13.3
2005-08-18 00:00:00,13.42
2005-08-19 00:00:00,13.42
2005-08-22 00:00:00,13.42
2005-08-23 00:00:00,13.34
2005-08-24 00:00:00,14.17
2005-08-25 00:00:00,13.73
2005-08-26 00:00:00,13.72
2005-08-29 00:00:00,13.52
2005-08-30 00:00:00,13.65
2005-08-31 00:00:00,12.6
2005-09-01 00:00:00,13.15
2005-09-02 00:00:00,13.57
2005-09-05 00:00:00,13.57
2005-09-06 00:00:00,12.93
2005-09-07 00:00:00,12.52
2005-09-08 00:00:00,12.93
2005-09-09 00:00:00,11.98
2005-09-12 00:00:00,11.65
2005-09-13 00:00:00,12.39
2005-09-14 00:00:00,12.91
2005-09-15 00:00:00,12.49
2005-09-16 00:00:00,11.22
2005-09-19 00:00:00,12.14
2005-09-20 00:00:00,12.64
2005-09-21 00:00:00,13.79
2005-09-22 00:00:00,13.33
2005-09-23 00:00:00,12.96
2005-09-26 00:00:00,13.04
2005-09-27 00:00:00,12.76
2005-09-28 00:00:00,12.63
2005-09-29 00:00:00,12.24
2005-09-30 00:00:00,11.92
2005-10-03 00:00:00,12.46
2005-10-04 00:00:00,13.2
2005-10-05 00:00:00,14.55
2005-10-06 00:00:00,14.96
2005-10-07 00:00:00,14.59
2005-10-10 00:00:00,15.55
2005-10-11 00:00:00,15.63
2005-10-12 00:00:00,16.22
2005-10-13 00:00:00,16.47
2005-10-14 00:00:00,14.87
2005-10-17 00:00:00,14.67
2005-10-18 00:00:00,15.33
2005-10-19 00:00:00,13.5
2005-10-20 00:00:00,16.11
2005-10-21 00:00:00,16.13
2005-10-24 00:00:00,14.74
2005-10-25 00:00:00,14.53
2005-10-26 00:00:00,14.59
2005-10-27 00:00:00,16.02
2005-10-28 00:00:00,14.25
2005-10-31 00:00:00,15.32
2005-11-01 00:00:00,14.85
2005-11-02 00:00:00,13.48
2005-11-03 00:00:00,13.0
2005-11-04 00:00:00,13.17
2005-11-07 00:00:00,13.1
2005-11-08 00:00:00,13.08
2005-11-09 00:00:00,12.8
2005-11-10 00:00:00,11.9
2005-11-11 00:00:00,11.63
2005-11-14 00:00:00,12.18
2005-11-15 00:00:00,12.23
2005-11-16 00:00:00,12.26
2005-11-17 00:00:00,11.25
2005-11-18 00:00:00,11.12
2005-11-21 00:00:00,10.82
2005-11-22 00:00:00,10.6
2005-11-23 00:00:00,10.96
2005-11-24 00:00:00,10.96
2005-11-25 00:00:00,10.88
2005-11-28 00:00:00,11.84
2005-11-29 00:00:00,11.89
2005-11-30 00:00:00,12.06
2005-12-01 00:00:00,11.24
2005-12-02 00:00:00,11.01
2005-12-05 00:00:00,11.6
2005-12-06 00:00:00,11.52
2005-12-07 00:00:00,12.18
2005-12-08 00:00:00,12.21
2005-12-09 00:00:00,11.69
2005-12-12 00:00:00,11.47
2005-12-13 00:00:00,11.11
2005-12-14 00:00:00,10.48
2005-12-15 00:00:00,10.73
2005-12-16 00:00:00,10.68
2005-12-19 00:00:00,11.38
2005-12-20 00:00:00,11.19
2005-12-21 00:00:00,10.81
2005-12-22 00:00:00,10.29
2005-12-23 00:00:00,10.27
2005-12-26 00:00:00,10.27
2005-12-27 00:00:00,11.57
2005-12-28 00:00:00,11.35
2005-12-29 00:00:00,11.61
2005-12-30 00:00:00,12.07
2006-01-02 00:00:00,12.07
2006-01-03 00:00:00,11.14
2006-01-04 00:00:00,11.37
2006-01-05 00:00:00,11.31
2006-01-06 00:00:00,11.0
2006-01-09 00:00:00,11.13
2006-01-10 00:00:00,10.86
2006-01-11 00:00:00,10.94
2006-01-12 00:00:00,11.2
2006-01-13 00:00:00,11.23
2006-01-16 00:00:00,11.23
2006-01-17 00:00:00,11.91
2006-01-18 00:00:00,12.25
2006-01-19 00:00:00,11.98
2006-01-20 00:00:00,14.56
2006-01-23 00:00:00,13.93
2006-01-24 00:00:00,13.31
2006-01-25 00:00:00,12.87
2006-01-26 00:00:00,12.42
2006-01-27 00:00:00,11.97
2006-01-30 00:00:00,12.39
2006-01-31 00:00:00,12.95
2006-02-01 00:00:00,12.36
2006-02-02 00:00:00,13.23
2006-02-03 00:00:00,12.96
2006-02-06 00:00:00,13.04
2006-02-07 00:00:00,13.59
2006-02-08 00:00:00,12.83
2006-02-09 00:00:00,13.12
2006-02-10 00:00:00,12.87
2006-02-13 00:00:00,13.35
2006-02-14 00:00:00,12.25
2006-02-15 00:00:00,12.31
2006-02-16 00:00:00,11.48
2006-02-17 00:00:00,12.01
2006-02-20 00:00:00,12.01
2006-02-21 00:00:00,12.41
2006-02-22 00:00:00,11.88
2006-02-23 00:00:00,11.87
2006-02-24 00:00:00,11.46
2006-02-27 00:00:00,11.59
2006-02-28 00:00:00,12.34
2006-03-01 00:00:00,11.54
2006-03-02 00:00:00,11.72
2006-03-03 00:00:00,11.96
2006-03-06 00:00:00,12.74
2006-03-07 00:00:00,12.66
2006-03-08 00:00:00,12.32
2006-03-09 00:00:00,12.68
2006-03-10 00:00:00,11.85
2006-03-13 00:00:00,11.37
2006-03-14 00:00:00,10.74
2006-03-15 00:00:00,11.35
2006-03-16 00:00:00,11.98
2006-03-17 00:00:00,12.12
2006-03-20 00:00:00,11.79
2006-03-21 00:00:00,11.62
2006-03-22 00:00:00,11.21
2006-03-23 00:00:00,11.17
2006-03-24 00:00:00,11.19
2006-03-27 00:00:00,11.46
2006-03-28 00:00:00,11.58
2006-03-29 00:00:00,10.95
2006-03-30 00:00:00,11.57
2006-03-31 00:00:00,11.39
2006-04-03 00:00:00,11.57
2006-04-04 00:00:00,11.14
2006-04-05 00:00:00,11.13
2006-04-06 00:00:00,11.45
2006-04-07 00:00:00,12.26
2006-04-10 00:00:00,12.19
2006-04-11 00:00:00,13.0
2006-04-12 00:00:00,12.76
2006-04-13 00:00:00,12.38
2006-04-14 00:00:00,12.38
2006-04-17 00:00:00,12.58
2006-04-18 00:00:00,11.4
2006-04-19 00:00:00,11.32
2006-04-20 00:00:00,11.64
2006-04-21 00:00:00,11.59
2006-04-24 00:00:00,11.75
2006-04-25 00:00:00,11.75
2006-04-26 00:00:00,11.76
2006-04-27 00:00:00,11.84
2006-04-28 00:00:00,11.59
2006-05-01 00:00:00,12.54
2006-05-02 00:00:00,11.99
2006-05-03 00:00:00,11.99
2006-05-04 00:00:00,11.86
2006-05-05 00:00:00,11.62
2006-05-08 00:00:00,12.0
2006-05-09 00:00:00,11.99
2006-05-10 00:00:00,11.78
2006-05-11 00:00:00,12.49
2006-05-12 00:00:00,14.19
2006-05-15 00:00:00,13.57
2006-05-16 00:00:00,13.35
2006-05-17 00:00:00,16.26
2006-05-18 00:00:00,16.99
2006-05-19 00:00:00,17.18
2006-05-22 00:00:00,17.72
2006-05-23 00:00:00,18.26
2006-05-24 00:00:00,17.36
2006-05-25 00:00:00,15.5
2006-05-26 00:00:00,14.26
2006-05-29 00:00:00,14.26
2006-05-30 00:00:00,18.66
2006-05-31 00:00:00,16.44
2006-06-01 00:00:00,14.52
2006-06-02 00:00:00,14.32
2006-06-05 00:00:00,16.65
2006-06-06 00:00:00,17.34
2006-06-07 00:00:00,17.8
2006-06-08 00:00:00,18.35
2006-06-09 00:00:00,18.12
2006-06-12 00:00:00,20.96
2006-06-13 00:00:00,23.81
2006-06-14 00:00:00,21.46
2006-06-15 00:00:00,15.9
2006-06-16 00:00:00,17.25
2006-06-19 00:00:00,17.83
2006-06-20 00:00:00,16.69
2006-06-21 00:00:00,15.52
2006-06-22 00:00:00,15.88
2006-06-23 00:00:00,15.89
2006-06-26 00:00:00,15.62
2006-06-27 00:00:00,16.4
2006-06-28 00:00:00,15.79
2006-06-29 00:00:00,13.03
2006-06-30 00:00:00,13.08
2006-07-03 00:00:00,13.05
2006-07-04 00:00:00,13.05
2006-07-05 00:00:00,14.15
2006-07-06 00:00:00,13.65
2006-07-07 00:00:00,13.97
2006-07-10 00:00:00,14.02
2006-07-11 00:00:00,13.14
2006-07-12 00:00:00,14.49
2006-07-13 00:00:00,17.79
2006-07-14 00:00:00,18.05
2006-07-17 00:00:00,18.64
2006-07-18 00:00:00,17.74
2006-07-19 00:00:00,15.55
2006-07-20 00:00:00,16.21
2006-07-21 00:00:00,17.4
2006-07-24 00:00:00,14.98
2006-07-25 00:00:00,14.85
2006-07-26 00:00:00,14.62
2006-07-27 00:00:00,14.94
2006-07-28 00:00:00,14.33
2006-07-31 00:00:00,14.95
2006-08-01 00:00:00,15.05
2006-08-02 00:00:00,14.34
2006-08-03 00:00:00,14.46
2006-08-04 00:00:00,14.34
2006-08-07 00:00:00,15.23
2006-08-08 00:00:00,15.23
2006-08-09 00:00:00,15.2
2006-08-10 00:00:00,14.46
2006-08-11 00:00:00,14.3
2006-08-14 00:00:00,14.26
2006-08-15 00:00:00,13.42
2006-08-16 00:00:00,12.41
2006-08-17 00:00:00,12.24
2006-08-18 00:00:00,11.64
2006-08-21 00:00:00,12.22
2006-08-22 00:00:00,12.19
2006-08-23 00:00:00,12.4
2006-08-24 00:00:00,12.4
2006-08-25 00:00:00,12.31
2006-08-28 00:00:00,12.18
2006-08-29 00:00:00,12.28
2006-08-30 00:00:00,12.22
2006-08-31 00:00:00,12.31
2006-09-01 00:00:00,11.96
2006-09-04 00:00:00,11.96
2006-09-05 00:00:00,12.63
2006-09-06 00:00:00,13.74
2006-09-07 00:00:00,13.88
2006-09-08 00:00:00,13.16
2006-09-11 00:00:00,12.99
2006-09-12 00:00:00,11.92
2006-09-13 00:00:00,11.18
2006-09-14 00:00:00,11.55
2006-09-15 00:00:00,11.76
2006-09-18 00:00:00,11.78
2006-09-19 00:00:00,11.98
2006-09-20 00:00:00,11.39
2006-09-21 00:00:00,12.25
2006-09-22 00:00:00,12.59
2006-09-25 00:00:00,12.12
2006-09-26 00:00:00,11.53
2006-09-27 00:00:00,11.58
2006-09-28 00:00:00,11.72
2006-09-29 00:00:00,11.98
2006-10-02 00:00:00,12.57
2006-10-03 00:00:00,12.24
2006-10-04 00:00:00,11.86
2006-10-05 00:00:00,11.98
2006-10-06 00:00:00,11.56
2006-10-09 00:00:00,11.68
2006-10-10 00:00:00,11.52
2006-10-11 00:00:00,11.62
2006-10-12 00:00:00,11.09
2006-10-13 00:00:00,10.75
2006-10-16 00:00:00,11.09
2006-10-17 00:00:00,11.73
2006-10-18 00:00:00,11.34
2006-10-19 00:00:00,10.9
2006-10-20 00:00:00,10.63
2006-10-23 00:00:00,11.08
2006-10-24 00:00:00,10.78
2006-10-25 00:00:00,10.66
2006-10-26 00:00:00,10.56
2006-10-27 00:00:00,10.8
2006-10-30 00:00:00,11.2
2006-10-31 00:00:00,11.1
2006-11-01 00:00:00,11.51
2006-11-02 00:00:00,11.42
2006-11-03 00:00:00,11.16
2006-11-06 00:00:00,11.16
2006-11-07 00:00:00,11.09
2006-11-08 00:00:00,10.75
2006-11-09 00:00:00,11.01
2006-11-10 00:00:00,10.79
2006-11-13 00:00:00,10.86
2006-11-14 00:00:00,10.5
2006-11-15 00:00:00,10.31
2006-11-16 00:00:00,10.16
2006-11-17 00:00:00,10.05
2006-11-20 00:00:00,9.97
2006-11-21 00:00:00,9.9
2006-11-22 00:00:00,10.14
2006-11-23 00:00:00,10.14
2006-11-24 00:00:00,10.73
2006-11-27 00:00:00,12.3
2006-11-28 00:00:00,11.62
2006-11-29 00:00:00,10.83
2006-11-30 00:00:00,10.91
2006-12-01 00:00:00,11.66
2006-12-04 00:00:00,11.23
2006-12-05 00:00:00,11.27
2006-12-06 00:00:00,11.33
2006-12-07 00:00:00,12.67
2006-12-08 00:00:00,12.07
2006-12-11 00:00:00,10.71
2006-12-12 00:00:00,10.65
2006-12-13 00:00:00,10.18
2006-12-14 00:00:00,9.97
2006-12-15 00:00:00,10.05
2006-12-18 00:00:00,10.6
2006-12-19 00:00:00,10.3
2006-12-20 00:00:00,10.26
2006-12-21 00:00:00,10.53
2006-12-22 00:00:00,11.36
2006-12-25 00:00:00,11.36
2006-12-26 00:00:00,11.26
2006-12-27 00:00:00,10.64
2006-12-28 00:00:00,10.99
2006-12-29 00:00:00,11.56
2007-01-01 00:00:00,11.56
2007-01-02 00:00:00,11.56
2007-01-03 00:00:00,12.04
2007-01-04 00:00:00,11.51
2007-01-05 00:00:00,12.14
2007-01-08 00:00:00,12.0
2007-01-09 00:00:00,11.91
2007-01-10 00:00:00,11.47
2007-01-11 00:00:00,10.87
2007-01-12 00:00:00,10.15
2007-01-15 00:00:00,10.15
2007-01-16 00:00:00,10.74
2007-01-17 00:00:00,10.59
2007-01-18 00:00:00,10.85
2007-01-19 00:00:00,10.4
2007-01-22 00:00:00,10.77
2007-01-23 00:00:00,10.34
2007-01-24 00:00:00,9.89
2007-01-25 00:00:00,11.22
2007-01-26 00:00:00,11.13
2007-01-29 00:00:00,11.45
2007-01-30 00:00:00,10.96
2007-01-31 00:00:00,10.42
2007-02-01 00:00:00,10.31
2007-02-02 00:00:00,10.08
2007-02-05 00:00:00,10.55
2007-02-06 00:00:00,10.65
2007-02-07 00:00:00,10.32
2007-02-08 00:00:00,10.44
2007-02-09 00:00:00,11.1
2007-02-12 00:00:00,11.61
2007-02-13 00:00:00,10.34
2007-02-14 00:00:00,10.23
2007-02-15 00:00:00,10.22
2007-02-16 00:00:00,10.02
2007-02-19 00:00:00,10.02
2007-02-20 00:00:00,10.24
2007-02-21 00:00:00,10.2
2007-02-22 00:00:00,10.18
2007-02-23 00:00:00,10.58
2007-02-26 00:00:00,11.15
2007-02-27 00:00:00,18.31
2007-02-28 00:00:00,15.42
2007-03-01 00:00:00,15.82
2007-03-02 00:00:00,18.61
2007-03-05 00:00:00,19.63
2007-03-06 00:00:00,15.96
2007-03-07 00:00:00,15.24
2007-03-08 00:00:00,14.29
2007-03-09 00:00:00,14.09
2007-03-12 00:00:00,13.99
2007-03-13 00:00:00,18.13
2007-03-14 00:00:00,17.27
2007-03-15 00:00:00,16.43
2007-03-16 00:00:00,16.79
2007-03-19 00:00:00,14.59
2007-03-20 00:00:00,13.27
2007-03-21 00:00:00,12.19
2007-03-22 00:00:00,12.93
2007-03-23 00:00:00,12.95
2007-03-26 00:00:00,13.16
2007-03-27 00:00:00,13.48
2007-03-28 00:00:00,14.98
2007-03-29 00:00:00,15.14
2007-03-30 00:00:00,14.64
2007-04-02 00:00:00,14.53
2007-04-03 00:00:00,13.46
2007-04-04 00:00:00,13.24
2007-04-05 00:00:00,13.23
2007-04-06 00:00:00,13.23
2007-04-09 00:00:00,13.14
2007-04-10 00:00:00,12.68
2007-04-11 00:00:00,13.49
2007-04-12 00:00:00,12.71
2007-04-13 00:00:00,12.2
2007-04-16 00:00:00,11.98
2007-04-17 00:00:00,12.14
2007-04-18 00:00:00,12.42
2007-04-19 00:00:00,12.54
2007-04-20 00:00:00,12.07
2007-04-23 00:00:00,13.04
2007-04-24 00:00:00,13.12
2007-04-25 00:00:00,13.21
2007-04-26 00:00:00,12.79
2007-04-27 00:00:00,12.45
2007-04-30 00:00:00,14.22
2007-05-01 00:00:00,13.51
2007-05-02 00:00:00,13.08
2007-05-03 00:00:00,13.09
2007-05-04 00:00:00,12.91
2007-05-07 00:00:00,13.15
2007-05-08 00:00:00,13.21
2007-05-09 00:00:00,12.88
2007-05-10 00:00:00,13.6
2007-05-11 00:00:00,12.95
2007-05-14 00:00:00,13.96
2007-05-15 00:00:00,14.01
2007-05-16 00:00:00,13.5
2007-05-17 00:00:00,13.51
2007-05-18 00:00:00,12.76
2007-05-21 00:00:00,13.3
2007-05-22 00:00:00,13.06
2007-05-23 00:00:00,13.24
2007-05-24 00:00:00,14.08
2007-05-25 00:00:00,13.34
2007-05-28 00:00:00,13.34
2007-05-29 00:00:00,13.53
2007-05-30 00:00:00,12.83
2007-05-31 00:00:00,13.05
2007-06-01 00:00:00,12.78
2007-06-04 00:00:00,13.29
2007-06-05 00:00:00,13.63
2007-06-06 00:00:00,14.87
2007-06-07 00:00:00,17.06
2007-06-08 00:00:00,14.84
2007-06-11 00:00:00,14.71
2007-06-12 00:00:00,16.67
2007-06-13 00:00:00,14.73
2007-06-14 00:00:00,13.64
2007-06-15 00:00:00,13.94
2007-06-18 00:00:00,13.42
2007-06-19 00:00:00,12.85
2007-06-20 00:00:00,14.67
2007-06-21 00:00:00,14.21
2007-06-22 00:00:00,15.75
2007-06-25 00:00:00,16.65
2007-06-26 00:00:00,18.89
2007-06-27 00:00:00,15.53
2007-06-28 00:00:00,15.54
2007-06-29 00:00:00,16.23
2007-07-02 00:00:00,15.4
2007-07-03 00:00:00,14.92
2007-07-04 00:00:00,14.92
2007-07-05 00:00:00,15.48
2007-07-06 00:00:00,14.72
2007-07-09 00:00:00,15.16
2007-07-10 00:00:00,17.57
2007-07-11 00:00:00,16.64
2007-07-12 00:00:00,15.54
2007-07-13 00:00:00,15.15
2007-07-16 00:00:00,15.59
2007-07-17 00:00:00,15.63
2007-07-18 00:00:00,16.0
2007-07-19 00:00:00,15.23
2007-07-20 00:00:00,16.95
2007-07-23 00:00:00,16.81
2007-07-24 00:00:00,18.55
2007-07-25 00:00:00,18.1
2007-07-26 00:00:00,20.74
2007-07-27 00:00:00,24.17
2007-07-30 00:00:00,20.87
2007-07-31 00:00:00,23.52
2007-08-01 00:00:00,23.67
2007-08-02 00:00:00,21.22
2007-08-03 00:00:00,25.16
2007-08-06 00:00:00,22.94
2007-08-07 00:00:00,21.56
2007-08-08 00:00:00,21.45
2007-08-09 00:00:00,26.48
2007-08-10 00:00:00,28.3
2007-08-13 00:00:00,26.57
2007-08-14 00:00:00,27.68
2007-08-15 00:00:00,30.67
2007-08-16 00:00:00,30.83
2007-08-17 00:00:00,29.99
2007-08-20 00:00:00,26.33
2007-08-21 00:00:00,25.25
2007-08-22 00:00:00,22.89
2007-08-23 00:00:00,22.62
2007-08-24 00:00:00,20.72
2007-08-27 00:00:00,22.72
2007-08-28 00:00:00,26.3
2007-08-29 00:00:00,23.81
2007-08-30 00:00:00,25.06
2007-08-31 00:00:00,23.38
2007-09-03 00:00:00,23.38
2007-09-04 00:00:00,22.78
2007-09-05 00:00:00,24.58
2007-09-06 00:00:00,23.99
2007-09-07 00:00:00,26.23
2007-09-10 00:00:00,27.38
2007-09-11 00:00:00,25.27
2007-09-12 00:00:00,24.96
2007-09-13 00:00:00,24.76
2007-09-14 00:00:00,24.92
2007-09-17 00:00:00,26.48
2007-09-18 00:00:00,20.35
2007-09-19 00:00:00,20.03
2007-09-20 00:00:00,20.45
2007-09-21 00:00:00,19.0
2007-09-24 00:00:00,19.37
2007-09-25 00:00:00,18.6
2007-09-26 00:00:00,17.63
2007-09-27 00:00:00,17.0
2007-09-28 00:00:00,18.0
2007-10-01 00:00:00,17.84
2007-10-02 00:00:00,18.49
2007-10-03 00:00:00,18.8
2007-10-04 00:00:00,18.44
2007-10-05 00:00:00,16.91
2007-10-08 00:00:00,17.46
2007-10-09 00:00:00,16.12
2007-10-10 00:00:00,16.67
2007-10-11 00:00:00,18.88
2007-10-12 00:00:00,17.73
2007-10-15 00:00:00,19.25
2007-10-16 00:00:00,20.02
2007-10-17 00:00:00,18.54
2007-10-18 00:00:00,18.5
2007-10-19 00:00:00,22.96
2007-10-22 00:00:00,21.64
2007-10-23 00:00:00,20.41
2007-10-24 00:00:00,20.8
2007-10-25 00:00:00,21.17
2007-10-26 00:00:00,19.56
2007-10-29 00:00:00,19.87
2007-10-30 00:00:00,21.07
2007-10-31 00:00:00,18.53
2007-11-01 00:00:00,23.21
2007-11-02 00:00:00,23.01
2007-11-05 00:00:00,24.31
2007-11-06 00:00:00,21.39
2007-11-07 00:00:00,26.49
2007-11-08 00:00:00,26.16
2007-11-09 00:00:00,28.5
2007-11-12 00:00:00,31.09
2007-11-13 00:00:00,24.1
2007-11-14 00:00:00,25.94
2007-11-15 00:00:00,28.06
2007-11-16 00:00:00,25.49
2007-11-19 00:00:00,26.01
2007-11-20 00:00:00,24.88
2007-11-21 00:00:00,26.84
2007-11-22 00:00:00,26.84
2007-11-23 00:00:00,25.61
2007-11-26 00:00:00,28.91
2007-11-27 00:00:00,26.28
2007-11-28 00:00:00,24.11
2007-11-29 00:00:00,23.97
2007-11-30 00:00:00,22.87
2007-12-03 00:00:00,23.61
2007-12-04 00:00:00,23.79
2007-12-05 00:00:00,22.53
2007-12-06 00:00:00,20.96
2007-12-07 00:00:00,20.85
2007-12-10 00:00:00,20.74
2007-12-11 00:00:00,23.59
2007-12-12 00:00:00,22.47
2007-12-13 00:00:00,22.56
2007-12-14 00:00:00,23.27
2007-12-17 00:00:00,24.52
2007-12-18 00:00:00,22.64
2007-12-19 00:00:00,21.68
2007-12-20 00:00:00,20.58
2007-12-21 00:00:00,18.47
2007-12-24 00:00:00,18.6
2007-12-25 00:00:00,18.6
2007-12-26 00:00:00,18.66
2007-12-27 00:00:00,20.26
2007-12-28 00:00:00,20.74
2007-12-31 00:00:00,22.5
2008-01-01 00:00:00,22.5
2008-01-02 00:00:00,23.17
2008-01-03 00:00:00,22.49
2008-01-04 00:00:00,23.94
2008-01-07 00:00:00,23.79
2008-01-08 00:00:00,25.43
2008-01-09 00:00:00,24.12
2008-01-10 00:00:00,23.45
2008-01-11 00:00:00,23.68
2008-01-14 00:00:00,22.9
2008-01-15 00:00:00,23.34
2008-01-16 00:00:00,24.38
2008-01-17 00:00:00,28.46
2008-01-18 00:00:00,27.18
2008-01-21 00:00:00,27.18
2008-01-22 00:00:00,31.01
2008-01-23 00:00:00,29.02
2008-01-24 00:00:00,27.78
2008-01-25 00:00:00,29.08
2008-01-28 00:00:00,27.78
2008-01-29 00:00:00,27.32
2008-01-30 00:00:00,27.62
2008-01-31 00:00:00,26.2
2008-02-01 00:00:00,24.02
2008-02-04 00:00:00,25.99
2008-02-05 00:00:00,28.24
2008-02-06 00:00:00,28.97
2008-02-07 00:00:00,27.66
2008-02-08 00:00:00,28.01
2008-02-11 00:00:00,27.6
2008-02-12 00:00:00,26.33
2008-02-13 00:00:00,24.88
2008-02-14 00:00:00,25.54
2008-02-15 00:00:00,25.02
2008-02-18 00:00:00,25.02
2008-02-19 00:00:00,25.59
2008-02-20 00:00:00,24.4
2008-02-21 00:00:00,25.12
2008-02-22 00:00:00,24.06
2008-02-25 00:00:00,23.03
2008-02-26 00:00:00,21.9
2008-02-27 00:00:00,22.69
2008-02-28 00:00:00,23.53
2008-02-29 00:00:00,26.54
2008-03-03 00:00:00,26.28
2008-03-04 00:00:00,25.52
2008-03-05 00:00:00,24.6
2008-03-06 00:00:00,27.55
2008-03-07 00:00:00,27.49
2008-03-10 00:00:00,29.38
2008-03-11 00:00:00,26.36
2008-03-12 00:00:00,27.22
2008-03-13 00:00:00,27.29
2008-03-14 00:00:00,31.16
2008-03-17 00:00:00,32.24
2008-03-18 00:00:00,25.79
2008-03-19 00:00:00,29.84
2008-03-20 00:00:00,26.62
2008-03-21 00:00:00,26.62
2008-03-24 00:00:00,25.73
2008-03-25 00:00:00,25.72
2008-03-26 00:00:00,26.08
2008-03-27 00:00:00,25.88
2008-03-28 00:00:00,25.71
2008-03-31 00:00:00,25.61
2008-04-01 00:00:00,22.68
2008-04-02 00:00:00,23.43
2008-04-03 00:00:00,23.21
2008-04-04 00:00:00,22.45
2008-04-07 00:00:00,22.42
2008-04-08 00:00:00,22.36
2008-04-09 00:00:00,22.81
2008-04-10 00:00:00,21.98
2008-04-11 00:00:00,23.46
2008-04-14 00:00:00,23.82
2008-04-15 00:00:00,22.78
2008-04-16 00:00:00,20.53
2008-04-17 00:00:00,20.37
2008-04-18 00:00:00,20.13
2008-04-21 00:00:00,20.5
2008-04-22 00:00:00,20.87
2008-04-23 00:00:00,20.26
2008-04-24 00:00:00,20.06
2008-04-25 00:00:00,19.59
2008-04-28 00:00:00,19.64
2008-04-29 00:00:00,20.24
2008-04-30 00:00:00,20.79
2008-05-01 00:00:00,18.88
2008-05-02 00:00:00,18.18
2008-05-05 00:00:00,18.9
2008-05-06 00:00:00,18.21
2008-05-07 00:00:00,19.73
2008-05-08 00:00:00,19.4
2008-05-09 00:00:00,19.41
2008-05-12 00:00:00,17.79
2008-05-13 00:00:00,17.98
2008-05-14 00:00:00,17.66
2008-05-15 00:00:00,16.3
2008-05-16 00:00:00,16.47
2008-05-19 00:00:00,17.01
2008-05-20 00:00:00,17.58
2008-05-21 00:00:00,18.59
2008-05-22 00:00:00,18.05
2008-05-23 00:00:00,19.55
2008-05-26 00:00:00,19.55
2008-05-27 00:00:00,19.64
2008-05-28 00:00:00,19.07
2008-05-29 00:00:00,18.14
2008-05-30 00:00:00,17.83
2008-06-02 00:00:00,19.83
2008-06-03 00:00:00,20.24
2008-06-04 00:00:00,20.8
2008-06-05 00:00:00,18.63
2008-06-06 00:00:00,23.56
2008-06-09 00:00:00,23.12
2008-06-10 00:00:00,23.18
2008-06-11 00:00:00,24.12
2008-06-12 00:00:00,23.33
2008-06-13 00:00:00,21.22
2008-06-16 00:00:00,20.95
2008-06-17 00:00:00,21.13
2008-06-18 00:00:00,22.24
2008-06-19 00:00:00,21.58
2008-06-20 00:00:00,22.87
2008-06-23 00:00:00,22.64
2008-06-24 00:00:00,22.42
2008-06-25 00:00:00,21.14
2008-06-26 00:00:00,23.93
2008-06-27 00:00:00,23.44
2008-06-30 00:00:00,23.95
2008-07-01 00:00:00,23.65
2008-07-02 00:00:00,25.92
2008-07-03 00:00:00,24.78
2008-07-04 00:00:00,24.78
2008-07-07 00:00:00,25.78
2008-07-08 00:00:00,23.15
2008-07-09 00:00:00,25.23
2008-07-10 00:00:00,25.59
2008-07-11 00:00:00,27.49
2008-07-14 00:00:00,28.48
2008-07-15 00:00:00,28.54
2008-07-16 00:00:00,25.1
2008-07-17 00:00:00,25.01
2008-07-18 00:00:00,24.05
2008-07-21 00:00:00,23.05
2008-07-22 00:00:00,21.18
2008-07-23 00:00:00,21.31
2008-07-24 00:00:00,23.44
2008-07-25 00:00:00,22.91
2008-07-28 00:00:00,24.23
2008-07-29 00:00:00,22.03
2008-07-30 00:00:00,21.21
2008-07-31 00:00:00,22.94
2008-08-01 00:00:00,22.57
2008-08-04 00:00:00,23.49
2008-08-05 00:00:00,21.14
2008-08-06 00:00:00,20.23
2008-08-07 00:00:00,21.15
2008-08-08 00:00:00,20.66
2008-08-11 00:00:00,20.12
2008-08-12 00:00:00,21.17
2008-08-13 00:00:00,21.55
2008-08-14 00:00:00,20.34
2008-08-15 00:00:00,19.58
2008-08-18 00:00:00,20.98
2008-08-19 00:00:00,21.28
2008-08-20 00:00:00,20.42
2008-08-21 00:00:00,19.82
2008-08-22 00:00:00,18.81
2008-08-25 00:00:00,20.97
2008-08-26 00:00:00,20.49
2008-08-27 00:00:00,19.76
2008-08-28 00:00:00,19.43
2008-08-29 00:00:00,20.65
2008-09-01 00:00:00,20.65
2008-09-02 00:00:00,21.99
2008-09-03 00:00:00,21.43
2008-09-04 00:00:00,24.03
2008-09-05 00:00:00,23.06
2008-09-08 00:00:00,22.64
2008-09-09 00:00:00,25.47
2008-09-10 00:00:00,24.52
2008-09-11 00:00:00,24.39
2008-09-12 00:00:00,25.66
2008-09-15 00:00:00,31.7
2008-09-16 00:00:00,30.3
2008-09-17 00:00:00,36.22
2008-09-18 00:00:00,33.1
2008-09-19 00:00:00,32.07
2008-09-22 00:00:00,33.85
2008-09-23 00:00:00,35.72
2008-09-24 00:00:00,35.19
2008-09-25 00:00:00,32.82
2008-09-26 00:00:00,34.74
2008-09-29 00:00:00,46.72
2008-09-30 00:00:00,39.39
2008-10-01 00:00:00,39.81
2008-10-02 00:00:00,45.26
2008-10-03 00:00:00,45.14
2008-10-06 00:00:00,52.05
2008-10-07 00:00:00,53.68
2008-10-08 00:00:00,57.53
2008-10-09 00:00:00,63.92
2008-10-10 00:00:00,69.95
2008-10-13 00:00:00,54.99
2008-10-14 00:00:00,55.13
2008-10-15 00:00:00,69.25
2008-10-16 00:00:00,67.61
2008-10-17 00:00:00,70.33
2008-10-20 00:00:00,52.97
2008-10-21 00:00:00,53.11
2008-10-22 00:00:00,69.65
2008-10-23 00:00:00,67.8
2008-10-24 00:00:00,79.13
2008-10-27 00:00:00,80.06
2008-10-28 00:00:00,66.96
2008-10-29 00:00:00,69.96
2008-10-30 00:00:00,62.9
2008-10-31 00:00:00,59.89
2008-11-03 00:00:00,53.68
2008-11-04 00:00:00,47.73
2008-11-05 00:00:00,54.56
2008-11-06 00:00:00,63.68
2008-11-07 00:00:00,56.1
2008-11-10 00:00:00,59.98
2008-11-11 00:00:00,61.44
2008-11-12 00:00:00,66.46
2008-11-13 00:00:00,59.83
2008-11-14 00:00:00,66.31
2008-11-17 00:00:00,69.15
2008-11-18 00:00:00,67.64
2008-11-19 00:00:00,74.26
2008-11-20 00:00:00,80.86
2008-11-21 00:00:00,72.67
2008-11-24 00:00:00,64.7
2008-11-25 00:00:00,60.9
2008-11-26 00:00:00,54.92
2008-11-27 00:00:00,54.92
2008-11-28 00:00:00,55.84
2008-12-01 00:00:00,68.51
2008-12-02 00:00:00,62.98
2008-12-03 00:00:00,60.72
2008-12-04 00:00:00,63.64
2008-12-05 00:00:00,59.93
2008-12-08 00:00:00,58.49
2008-12-09 00:00:00,58.91
2008-12-10 00:00:00,55.73
2008-12-11 00:00:00,55.78
2008-12-12 00:00:00,54.28
2008-12-15 00:00:00,56.76
2008-12-16 00:00:00,52.37
2008-12-17 00:00:00,49.84
2008-12-18 00:00:00,47.34
2008-12-19 00:00:00,44.93
2008-12-22 00:00:00,44.56
2008-12-23 00:00:00,45.02
2008-12-24 00:00:00,44.21
2008-12-25 00:00:00,44.21
2008-12-26 00:00:00,43.38
2008-12-29 00:00:00,43.9
2008-12-30 00:00:00,41.63
2008-12-31 00:00:00,40.0
2009-01-01 00:00:00,40.0
2009-01-02 00:00:00,39.19
2009-01-05 00:00:00,39.08
2009-01-06 00:00:00,38.56
2009-01-07 00:00:00,43.39
2009-01-08 00:00:00,42.56
2009-01-09 00:00:00,42.82
2009-01-12 00:00:00,45.84
2009-01-13 00:00:00,43.27
2009-01-14 00:00:00,49.14
2009-01-15 00:00:00,51.0
2009-01-16 00:00:00,46.11
2009-01-19 00:00:00,46.11
2009-01-20 00:00:00,56.65
2009-01-21 00:00:00,46.42
2009-01-22 00:00:00,47.29
2009-01-23 00:00:00,47.27
2009-01-26 00:00:00,45.69
2009-01-27 00:00:00,42.25
2009-01-28 00:00:00,39.66
2009-01-29 00:00:00,42.63
2009-01-30 00:00:00,44.84
2009-02-02 00:00:00,45.52
2009-02-03 00:00:00,43.06
2009-02-04 00:00:00,43.85
2009-02-05 00:00:00,43.73
2009-02-06 00:00:00,43.37
2009-02-09 00:00:00,43.64
2009-02-10 00:00:00,46.67
2009-02-11 00:00:00,44.53
2009-02-12 00:00:00,41.25
2009-02-13 00:00:00,42.93
2009-02-16 00:00:00,42.93
2009-02-17 00:00:00,48.66
2009-02-18 00:00:00,48.46
2009-02-19 00:00:00,47.08
2009-02-20 00:00:00,49.3
2009-02-23 00:00:00,52.62
2009-02-24 00:00:00,45.49
2009-02-25 00:00:00,44.67
2009-02-26 00:00:00,44.66
2009-02-27 00:00:00,46.35
2009-03-02 00:00:00,52.65
2009-03-03 00:00:00,50.93
2009-03-04 00:00:00,47.56
2009-03-05 00:00:00,50.17
2009-03-06 00:00:00,49.33
2009-03-09 00:00:00,49.68
2009-03-10 00:00:00,44.37
2009-03-11 00:00:00,43.61
2009-03-12 00:00:00,41.18
2009-03-13 00:00:00,42.36
2009-03-16 00:00:00,43.74
2009-03-17 00:00:00,40.8
2009-03-18 00:00:00,40.06
2009-03-19 00:00:00,43.68
2009-03-20 00:00:00,45.89
2009-03-23 00:00:00,43.23
2009-03-24 00:00:00,42.93
2009-03-25 00:00:00,42.25
2009-03-26 00:00:00,40.36
2009-03-27 00:00:00,41.04
2009-03-30 00:00:00,45.54
2009-03-31 00:00:00,44.14
2009-04-01 00:00:00,42.28
2009-04-02 00:00:00,42.04
2009-04-03 00:00:00,39.7
2009-04-06 00:00:00,40.93
2009-04-07 00:00:00,40.39
2009-04-08 00:00:00,38.85
2009-04-09 00:00:00,36.53
2009-04-10 00:00:00,36.53
2009-04-13 00:00:00,37.81
2009-04-14 00:00:00,37.67
2009-04-15 00:00:00,36.17
2009-04-16 00:00:00,35.79
2009-04-17 00:00:00,33.94
2009-04-20 00:00:00,39.18
2009-04-21 00:00:00,37.14
2009-04-22 00:00:00,38.1
2009-04-23 00:00:00,37.15
2009-04-24 00:00:00,36.82
2009-04-27 00:00:00,38.32
2009-04-28 00:00:00,37.95
2009-04-29 00:00:00,36.08
2009-04-30 00:00:00,36.5
2009-05-01 00:00:00,35.3
2009-05-04 00:00:00,34.53
2009-05-05 00:00:00,33.36
2009-05-06 00:00:00,32.45
2009-05-07 00:00:00,33.44
2009-05-08 00:00:00,32.05
2009-05-11 00:00:00,32.87
2009-05-12 00:00:00,31.8
2009-05-13 00:00:00,33.65
2009-05-14 00:00:00,31.37
2009-05-15 00:00:00,33.12
2009-05-18 00:00:00,30.24
2009-05-19 00:00:00,28.8
2009-05-20 00:00:00,29.03
2009-05-21 00:00:00,31.35
2009-05-22 00:00:00,32.63
2009-05-25 00:00:00,32.63
2009-05-26 00:00:00,30.62
2009-05-27 00:00:00,32.36
2009-05-28 00:00:00,31.67
2009-05-29 00:00:00,28.92
2009-06-01 00:00:00,30.04
2009-06-02 00:00:00,29.63
2009-06-03 00:00:00,31.02
2009-06-04 00:00:00,30.18
2009-06-05 00:00:00,29.62
2009-06-08 00:00:00,29.77
2009-06-09 00:00:00,28.27
2009-06-10 00:00:00,28.46
2009-06-11 00:00:00,28.11
2009-06-12 00:00:00,28.15
2009-06-15 00:00:00,30.81
2009-06-16 00:00:00,32.68
2009-06-17 00:00:00,31.54
2009-06-18 00:00:00,30.03
2009-06-19 00:00:00,27.99
2009-06-22 00:00:00,31.17
2009-06-23 00:00:00,30.58
2009-06-24 00:00:00,29.05
2009-06-25 00:00:00,26.36
2009-06-26 00:00:00,25.93
2009-06-29 00:00:00,25.35
2009-06-30 00:00:00,26.35
2009-07-01 00:00:00,26.22
2009-07-02 00:00:00,27.95
2009-07-03 00:00:00,27.95
2009-07-06 00:00:00,29.0
2009-07-07 00:00:00,30.85
2009-07-08 00:00:00,31.3
2009-07-09 00:00:00,29.78
2009-07-10 00:00:00,29.02
2009-07-13 00:00:00,26.31
2009-07-14 00:00:00,25.02
2009-07-15 00:00:00,25.89
2009-07-16 00:00:00,25.42
2009-07-17 00:00:00,24.34
2009-07-20 00:00:00,24.4
2009-07-21 00:00:00,23.87
2009-07-22 00:00:00,23.47
2009-07-23 00:00:00,23.43
2009-07-24 00:00:00,23.09
2009-07-27 00:00:00,24.28
2009-07-28 00:00:00,25.01
2009-07-29 00:00:00,25.61
2009-07-30 00:00:00,25.4
2009-07-31 00:00:00,25.92
2009-08-03 00:00:00,25.56
2009-08-04 00:00:00,24.89
2009-08-05 00:00:00,24.9
2009-08-06 00:00:00,25.67
2009-08-07 00:00:00,24.76
2009-08-10 00:00:00,24.99
2009-08-11 00:00:00,25.99
2009-08-12 00:00:00,25.45
2009-08-13 00:00:00,24.71
2009-08-14 00:00:00,24.27
2009-08-17 00:00:00,27.89
2009-08-18 00:00:00,26.18
2009-08-19 00:00:00,26.26
2009-08-20 00:00:00,25.09
2009-08-21 00:00:00,25.01
2009-08-24 00:00:00,25.14
2009-08-25 00:00:00,24.92
2009-08-26 00:00:00,24.95
2009-08-27 00:00:00,24.68
2009-08-28 00:00:00,24.76
2009-08-31 00:00:00,26.01
2009-09-01 00:00:00,29.15
2009-09-02 00:00:00,28.9
2009-09-03 00:00:00,27.1
2009-09-04 00:00:00,25.26
2009-09-07 00:00:00,25.26
2009-09-08 00:00:00,25.62
2009-09-09 00:00:00,24.32
2009-09-10 00:00:00,23.55
2009-09-11 00:00:00,24.15
2009-09-14 00:00:00,23.86
2009-09-15 00:00:00,23.42
2009-09-16 00:00:00,23.69
2009-09-17 00:00:00,23.65
2009-09-18 00:00:00,23.92
2009-09-21 00:00:00,24.06
2009-09-22 00:00:00,23.08
2009-09-23 00:00:00,23.49
2009-09-24 00:00:00,24.95
2009-09-25 00:00:00,25.61
2009-09-28 00:00:00,24.88
2009-09-29 00:00:00,25.19
2009-09-30 00:00:00,25.61
2009-10-01 00:00:00,28.27
2009-10-02 00:00:00,28.68
2009-10-05 00:00:00,26.84
2009-10-06 00:00:00,25.7
2009-10-07 00:00:00,24.68
2009-10-08 00:00:00,24.18
2009-10-09 00:00:00,23.12
2009-10-12 00:00:00,23.01
2009-10-13 00:00:00,22.99
2009-10-14 00:00:00,22.86
2009-10-15 00:00:00,21.72
2009-10-16 00:00:00,21.43
2009-10-19 00:00:00,21.49
2009-10-20 00:00:00,20.9
2009-10-21 00:00:00,22.22
2009-10-22 00:00:00,20.69
2009-10-23 00:00:00,22.27
2009-10-26 00:00:00,24.31
2009-10-27 00:00:00,24.83
2009-10-28 00:00:00,27.91
2009-10-29 00:00:00,24.76
2009-10-30 00:00:00,30.69
2009-11-02 00:00:00,29.78
2009-11-03 00:00:00,28.81
2009-11-04 00:00:00,27.72
2009-11-05 00:00:00,25.43
2009-11-06 00:00:00,24.19
2009-11-09 00:00:00,23.15
2009-11-10 00:00:00,22.84
2009-11-11 00:00:00,23.04
2009-11-12 00:00:00,24.24
2009-11-13 00:00:00,23.36
2009-11-16 00:00:00,22.89
2009-11-17 00:00:00,22.41
2009-11-18 00:00:00,21.63
2009-11-19 00:00:00,22.63
2009-11-20 00:00:00,22.19
2009-11-23 00:00:00,21.16
2009-11-24 00:00:00,20.47
2009-11-25 00:00:00,20.48
2009-11-26 00:00:00,20.48
2009-11-27 00:00:00,24.85
2009-11-30 00:00:00,24.51
2009-12-01 00:00:00,21.92
2009-12-02 00:00:00,21.12
2009-12-03 00:00:00,22.46
2009-12-04 00:00:00,21.25
2009-12-07 00:00:00,22.1
2009-12-08 00:00:00,23.69
2009-12-09 00:00:00,22.66
2009-12-10 00:00:00,22.32
2009-12-11 00:00:00,21.59
2009-12-14 00:00:00,21.15
2009-12-15 00:00:00,21.49
2009-12-16 00:00:00,20.54
2009-12-17 00:00:00,22.51
2009-12-18 00:00:00,21.68
2009-12-21 00:00:00,20.49
2009-12-22 00:00:00,19.54
2009-12-23 00:00:00,19.71
2009-12-24 00:00:00,19.47
2009-12-25 00:00:00,19.47
2009-12-28 00:00:00,19.93
2009-12-29 00:00:00,20.01
2009-12-30 00:00:00,19.96
2009-12-31 00:00:00,21.68
2010-01-01 00:00:00,21.68
2010-01-04 00:00:00,20.04
2010-01-05 00:00:00,19.35
2010-01-06 00:00:00,19.16
2010-01-07 00:00:00,19.06
2010-01-08 00:00:00,18.13
2010-01-11 00:00:00,17.55
2010-01-12 00:00:00,18.25
2010-01-13 00:00:00,17.85
2010-01-14 00:00:00,17.63
2010-01-15 00:00:00,17.91
2010-01-18 00:00:00,17.91
2010-01-19 00:00:00,17.58
2010-01-20 00:00:00,18.68
2010-01-21 00:00:00,22.27
2010-01-22 00:00:00,27.31
2010-01-25 00:00:00,25.41
2010-01-26 00:00:00,24.55
2010-01-27 00:00:00,23.14
2010-01-28 00:00:00,23.73
2010-01-29 00:00:00,24.62
2010-02-01 00:00:00,22.59
2010-02-02 00:00:00,21.48
2010-02-03 00:00:00,21.6
2010-02-04 00:00:00,26.08
2010-02-05 00:00:00,26.11
2010-02-08 00:00:00,26.51
2010-02-09 00:00:00,26.0
2010-02-10 00:00:00,25.4
2010-02-11 00:00:00,23.96
2010-02-12 00:00:00,22.73
2010-02-15 00:00:00,22.73
2010-02-16 00:00:00,22.25
2010-02-17 00:00:00,21.72
2010-02-18 00:00:00,20.63
2010-02-19 00:00:00,20.02
2010-02-22 00:00:00,19.94
2010-02-23 00:00:00,21.37
2010-02-24 00:00:00,20.27
2010-02-25 00:00:00,20.1
2010-02-26 00:00:00,19.5
2010-03-01 00:00:00,19.26
2010-03-02 00:00:00,19.06
2010-03-03 00:00:00,18.83
2010-03-04 00:00:00,18.72
2010-03-05 00:00:00,17.42
2010-03-08 00:00:00,17.79
2010-03-09 00:00:00,17.92
2010-03-10 00:00:00,18.57
2010-03-11 00:00:00,18.06
2010-03-12 00:00:00,17.58
2010-03-15 00:00:00,18.0
2010-03-16 00:00:00,17.69
2010-03-17 00:00:00,16.91
2010-03-18 00:00:00,16.62
2010-03-19 00:00:00,16.97
2010-03-22 00:00:00,16.87
2010-03-23 00:00:00,16.35
2010-03-24 00:00:00,17.55
2010-03-25 00:00:00,18.4
2010-03-26 00:00:00,17.77
2010-03-29 00:00:00,17.59
2010-03-30 00:00:00,17.13
2010-03-31 00:00:00,17.59
2010-04-01 00:00:00,17.47
2010-04-02 00:00:00,17.47
2010-04-05 00:00:00,17.02
2010-04-06 00:00:00,16.23
2010-04-07 00:00:00,16.62
2010-04-08 00:00:00,16.48
2010-04-09 00:00:00,16.14
2010-04-12 00:00:00,15.58
2010-04-13 00:00:00,16.2
2010-04-14 00:00:00,15.59
2010-04-15 00:00:00,15.89
2010-04-16 00:00:00,18.36
2010-04-19 00:00:00,17.34
2010-04-20 00:00:00,15.73
2010-04-21 00:00:00,16.32
2010-04-22 00:00:00,16.47
2010-04-23 00:00:00,16.62
2010-04-26 00:00:00,17.47
2010-04-27 00:00:00,22.81
2010-04-28 00:00:00,21.08
2010-04-29 00:00:00,18.44
2010-04-30 00:00:00,22.05
2010-05-03 00:00:00,20.19
2010-05-04 00:00:00,23.84
2010-05-05 00:00:00,24.91
2010-05-06 00:00:00,32.8
2010-05-07 00:00:00,40.95
2010-05-10 00:00:00,28.84
2010-05-11 00:00:00,28.32
2010-05-12 00:00:00,25.52
2010-05-13 00:00:00,26.68
2010-05-14 00:00:00,31.24
2010-05-17 00:00:00,30.84
2010-05-18 00:00:00,33.55
2010-05-19 00:00:00,35.32
2010-05-20 00:00:00,45.79
2010-05-21 00:00:00,40.1
2010-05-24 00:00:00,38.32
2010-05-25 00:00:00,34.61
2010-05-26 00:00:00,35.02
2010-05-27 00:00:00,29.68
2010-05-28 00:00:00,32.07
2010-05-31 00:00:00,32.07
2010-06-01 00:00:00,35.54
2010-06-02 00:00:00,30.17
2010-06-03 00:00:00,29.46
2010-06-04 00:00:00,35.48
2010-06-07 00:00:00,36.57
2010-06-08 00:00:00,33.7
2010-06-09 00:00:00,33.73
2010-06-10 00:00:00,30.57
2010-06-11 00:00:00,28.79
2010-06-14 00:00:00,28.58
2010-06-15 00:00:00,25.87
2010-06-16 00:00:00,25.92
2010-06-17 00:00:00,25.05
2010-06-18 00:00:00,23.95
2010-06-21 00:00:00,24.88
2010-06-22 00:00:00,27.05
2010-06-23 00:00:00,26.91
2010-06-24 00:00:00,29.74
2010-06-25 00:00:00,28.53
2010-06-28 00:00:00,29.0
2010-06-29 00:00:00,34.13
2010-06-30 00:00:00,34.54
2010-07-01 00:00:00,32.86
2010-07-02 00:00:00,30.12
2010-07-05 00:00:00,30.12
2010-07-06 00:00:00,29.65
2010-07-07 00:00:00,26.84
2010-07-08 00:00:00,25.71
2010-07-09 00:00:00,24.98
2010-07-12 00:00:00,24.43
2010-07-13 00:00:00,24.56
2010-07-14 00:00:00,24.89
2010-07-15 00:00:00,25.14
2010-07-16 00:00:00,26.25
2010-07-19 00:00:00,25.97
2010-07-20 00:00:00,23.93
2010-07-21 00:00:00,25.64
2010-07-22 00:00:00,24.63
2010-07-23 00:00:00,23.47
2010-07-26 00:00:00,22.73
2010-07-27 00:00:00,23.19
2010-07-28 00:00:00,24.25
2010-07-29 00:00:00,24.13
2010-07-30 00:00:00,23.5
2010-08-02 00:00:00,22.01
2010-08-03 00:00:00,22.63
2010-08-04 00:00:00,22.21
2010-08-05 00:00:00,22.1
2010-08-06 00:00:00,21.74
2010-08-09 00:00:00,22.14
2010-08-10 00:00:00,22.37
2010-08-11 00:00:00,25.39
2010-08-12 00:00:00,25.73
2010-08-13 00:00:00,26.24
2010-08-16 00:00:00,26.1
2010-08-17 00:00:00,24.33
2010-08-18 00:00:00,24.59
2010-08-19 00:00:00,26.44
2010-08-20 00:00:00,25.49
2010-08-23 00:00:00,25.66
2010-08-24 00:00:00,27.46
2010-08-25 00:00:00,26.7
2010-08-26 00:00:00,27.37
2010-08-27 00:00:00,24.45
2010-08-30 00:00:00,27.21
2010-08-31 00:00:00,26.05
2010-09-01 00:00:00,23.89
2010-09-02 00:00:00,23.19
2010-09-03 00:00:00,21.31
2010-09-06 00:00:00,21.31
2010-09-07 00:00:00,23.8
2010-09-08 00:00:00,23.25
2010-09-09 00:00:00,22.81
2010-09-10 00:00:00,21.99
2010-09-13 00:00:00,21.21
2010-09-14 00:00:00,21.56
2010-09-15 00:00:00,22.1
2010-09-16 00:00:00,21.72
2010-09-17 00:00:00,22.01
2010-09-20 00:00:00,21.5
2010-09-21 00:00:00,22.35
2010-09-22 00:00:00,22.51
2010-09-23 00:00:00,23.87
2010-09-24 00:00:00,21.71
2010-09-27 00:00:00,22.54
2010-09-28 00:00:00,22.6
2010-09-29 00:00:00,23.25
2010-09-30 00:00:00,23.7
2010-10-01 00:00:00,22.5
2010-10-04 00:00:00,23.53
2010-10-05 00:00:00,21.76
2010-10-06 00:00:00,21.49
2010-10-07 00:00:00,21.56
2010-10-08 00:00:00,20.71
2010-10-11 00:00:00,18.96
2010-10-12 00:00:00,18.93
2010-10-13 00:00:00,19.07
2010-10-14 00:00:00,19.88
2010-10-15 00:00:00,19.03
2010-10-18 00:00:00,19.09
2010-10-19 00:00:00,20.63
2010-10-20 00:00:00,19.79
2010-10-21 00:00:00,19.27
2010-10-22 00:00:00,18.78
2010-10-25 00:00:00,19.85
2010-10-26 00:00:00,20.22
2010-10-27 00:00:00,20.71
2010-10-28 00:00:00,20.88
2010-10-29 00:00:00,21.2
2010-11-01 00:00:00,21.83
2010-11-02 00:00:00,21.57
2010-11-03 00:00:00,19.56
2010-11-04 00:00:00,18.52
2010-11-05 00:00:00,18.26
2010-11-08 00:00:00,18.29
2010-11-09 00:00:00,19.08
2010-11-10 00:00:00,18.47
2010-11-11 00:00:00,18.64
2010-11-12 00:00:00,20.61
2010-11-15 00:00:00,20.2
2010-11-16 00:00:00,22.58
2010-11-17 00:00:00,21.76
2010-11-18 00:00:00,18.75
2010-11-19 00:00:00,18.04
2010-11-22 00:00:00,18.37
2010-11-23 00:00:00,20.63
2010-11-24 00:00:00,19.56
2010-11-25 00:00:00,19.56
2010-11-26 00:00:00,22.22
2010-11-29 00:00:00,21.53
2010-11-30 00:00:00,23.54
2010-12-01 00:00:00,21.36
2010-12-02 00:00:00,19.39
2010-12-03 00:00:00,18.01
2010-12-06 00:00:00,18.02
2010-12-07 00:00:00,17.99
2010-12-08 00:00:00,17.74
2010-12-09 00:00:00,17.25
2010-12-10 00:00:00,17.61
2010-12-13 00:00:00,17.55
2010-12-14 00:00:00,17.61
2010-12-15 00:00:00,17.94
2010-12-16 00:00:00,17.39
2010-12-17 00:00:00,16.11
2010-12-20 00:00:00,16.41
2010-12-21 00:00:00,16.49
2010-12-22 00:00:00,15.45
2010-12-23 00:00:00,16.47
2010-12-24 00:00:00,16.47
2010-12-27 00:00:00,17.67
2010-12-28 00:00:00,17.52
2010-12-29 00:00:00,17.28
2010-12-30 00:00:00,17.52
2010-12-31 00:00:00,17.75
2011-01-03 00:00:00,17.61
2011-01-04 00:00:00,17.38
2011-01-05 00:00:00,17.02
2011-01-06 00:00:00,17.4
2011-01-07 00:00:00,17.14
2011-01-10 00:00:00,17.54
2011-01-11 00:00:00,16.89
2011-01-12 00:00:00,16.24
2011-01-13 00:00:00,16.39
2011-01-14 00:00:00,15.46
2011-01-17 00:00:00,15.46
2011-01-18 00:00:00,15.87
2011-01-19 00:00:00,17.31
2011-01-20 00:00:00,17.99
2011-01-21 00:00:00,18.47
2011-01-24 00:00:00,17.65
2011-01-25 00:00:00,17.59
2011-01-26 00:00:00,16.64
2011-01-27 00:00:00,16.15
2011-01-28 00:00:00,20.04
2011-01-31 00:00:00,19.53
2011-02-01 00:00:00,17.63
2011-02-02 00:00:00,17.3
2011-02-03 00:00:00,16.69
2011-02-04 00:00:00,15.93
2011-02-07 00:00:00,16.28
2011-02-08 00:00:00,15.81
2011-02-09 00:00:00,15.87
2011-02-10 00:00:00,16.09
2011-02-11 00:00:00,15.69
2011-02-14 00:00:00,15.95
2011-02-15 00:00:00,16.37
2011-02-16 00:00:00,16.72
2011-02-17 00:00:00,16.59
2011-02-18 00:00:00,16.43
2011-02-21 00:00:00,16.43
2011-02-22 00:00:00,20.8
2011-02-23 00:00:00,22.13
2011-02-24 00:00:00,21.32
2011-02-25 00:00:00,19.22
2011-02-28 00:00:00,18.35
2011-03-01 00:00:00,21.01
2011-03-02 00:00:00,20.7
2011-03-03 00:00:00,18.6
2011-03-04 00:00:00,19.06
2011-03-07 00:00:00,20.66
2011-03-08 00:00:00,19.82
2011-03-09 00:00:00,20.22
2011-03-10 00:00:00,21.88
2011-03-11 00:00:00,20.08
2011-03-14 00:00:00,21.13
2011-03-15 00:00:00,24.32
2011-03-16 00:00:00,29.4
2011-03-17 00:00:00,26.37
2011-03-18 00:00:00,24.44
2011-03-21 00:00:00,20.61
2011-03-22 00:00:00,20.21
2011-03-23 00:00:00,19.17
2011-03-24 00:00:00,18.0
2011-03-25 00:00:00,17.91
2011-03-28 00:00:00,19.44
2011-03-29 00:00:00,18.16
2011-03-30 00:00:00,17.71
2011-03-31 00:00:00,17.74
2011-04-01 00:00:00,17.4
2011-04-04 00:00:00,17.5
2011-04-05 00:00:00,17.25
2011-04-06 00:00:00,16.9
2011-04-07 00:00:00,17.11
2011-04-08 00:00:00,17.87
2011-04-11 00:00:00,16.59
2011-04-12 00:00:00,17.09
2011-04-13 00:00:00,16.92
2011-04-14 00:00:00,16.27
2011-04-15 00:00:00,15.32
2011-04-18 00:00:00,16.96
2011-04-19 00:00:00,15.83
2011-04-20 00:00:00,15.07
2011-04-21 00:00:00,14.69
2011-04-22 00:00:00,14.69
2011-04-25 00:00:00,15.77
2011-04-26 00:00:00,15.62
2011-04-27 00:00:00,15.35
2011-04-28 00:00:00,14.62
2011-04-29 00:00:00,14.75
2011-05-02 00:00:00,15.99
2011-05-03 00:00:00,16.7
2011-05-04 00:00:00,17.08
2011-05-05 00:00:00,18.2
2011-05-06 00:00:00,18.4
2011-05-09 00:00:00,17.16
2011-05-10 00:00:00,15.91
2011-05-11 00:00:00,16.95
2011-05-12 00:00:00,16.03
2011-05-13 00:00:00,17.07
2011-05-16 00:00:00,18.24
2011-05-17 00:00:00,17.55
2011-05-18 00:00:00,16.23
2011-05-19 00:00:00,15.52
2011-05-20 00:00:00,17.43
2011-05-23 00:00:00,18.27
2011-05-24 00:00:00,17.82
2011-05-25 00:00:00,17.07
2011-05-26 00:00:00,16.09
2011-05-27 00:00:00,15.98
2011-05-30 00:00:00,15.98
2011-05-31 00:00:00,15.45
2011-06-01 00:00:00,18.3
2011-06-02 00:00:00,18.09
2011-06-03 00:00:00,17.95
2011-06-06 00:00:00,18.49
2011-06-07 00:00:00,18.07
2011-06-08 00:00:00,18.79
2011-06-09 00:00:00,17.77
2011-06-10 00:00:00,18.86
2011-06-13 00:00:00,19.61
2011-06-14 00:00:00,18.26
2011-06-15 00:00:00,21.32
2011-06-16 00:00:00,22.73
2011-06-17 00:00:00,21.85
2011-06-20 00:00:00,19.99
2011-06-21 00:00:00,18.86
2011-06-22 00:00:00,18.52
2011-06-23 00:00:00,19.29
2011-06-24 00:00:00,21.1
2011-06-27 00:00:00,20.56
2011-06-28 00:00:00,19.17
2011-06-29 00:00:00,17.27
2011-06-30 00:00:00,16.52
2011-07-01 00:00:00,15.87
2011-07-04 00:00:00,15.87
2011-07-05 00:00:00,16.06
2011-07-06 00:00:00,16.34
2011-07-07 00:00:00,15.95
2011-07-08 00:00:00,15.95
2011-07-11 00:00:00,18.39
2011-07-12 00:00:00,19.87
2011-07-13 00:00:00,19.91
2011-07-14 00:00:00,20.8
2011-07-15 00:00:00,19.53
2011-07-18 00:00:00,20.95
2011-07-19 00:00:00,19.21
2011-07-20 00:00:00,19.09
2011-07-21 00:00:00,17.56
2011-07-22 00:00:00,17.52
2011-07-25 00:00:00,19.35
2011-07-26 00:00:00,20.23
2011-07-27 00:00:00,22.98
2011-07-28 00:00:00,23.74
2011-07-29 00:00:00,25.25
2011-08-01 00:00:00,23.66
2011-08-02 00:00:00,24.79
2011-08-03 00:00:00,23.38
2011-08-04 00:00:00,31.66
2011-08-05 00:00:00,32.0
2011-08-08 00:00:00,48.0
2011-08-09 00:00:00,35.06
2011-08-10 00:00:00,42.99
2011-08-11 00:00:00,39.0
2011-08-12 00:00:00,36.36
2011-08-15 00:00:00,31.87
2011-08-16 00:00:00,32.85
2011-08-17 00:00:00,31.58
2011-08-18 00:00:00,42.67
2011-08-19 00:00:00,43.05
2011-08-22 00:00:00,42.44
2011-08-23 00:00:00,36.27
2011-08-24 00:00:00,35.9
2011-08-25 00:00:00,39.76
2011-08-26 00:00:00,35.59
2011-08-29 00:00:00,32.28
2011-08-30 00:00:00,32.89
2011-08-31 00:00:00,31.62
2011-09-01 00:00:00,31.82
2011-09-02 00:00:00,33.92
2011-09-05 00:00:00,33.92
2011-09-06 00:00:00,37.0
2011-09-07 00:00:00,33.38
2011-09-08 00:00:00,34.32
2011-09-09 00:00:00,38.52
2011-09-12 00:00:00,38.59
2011-09-13 00:00:00,36.91
2011-09-14 00:00:00,34.6
2011-09-15 00:00:00,31.97
2011-09-16 00:00:00,30.98
2011-09-19 00:00:00,32.73
2011-09-20 00:00:00,32.86
2011-09-21 00:00:00,37.32
2011-09-22 00:00:00,41.35
2011-09-23 00:00:00,41.25
2011-09-26 00:00:00,39.02
2011-09-27 00:00:00,37.71
2011-09-28 00:00:00,41.08
2011-09-29 00:00:00,38.84
2011-09-30 00:00:00,42.96
2011-10-03 00:00:00,45.45
2011-10-04 00:00:00,40.82
2011-10-05 00:00:00,37.81
2011-10-06 00:00:00,36.27
2011-10-07 00:00:00,36.2
2011-10-10 00:00:00,33.02
2011-10-11 00:00:00,32.86
2011-10-12 00:00:00,31.26
2011-10-13 00:00:00,30.7
2011-10-14 00:00:00,28.24
2011-10-17 00:00:00,33.39
2011-10-18 00:00:00,31.56
2011-10-19 00:00:00,34.44
2011-10-20 00:00:00,34.78
2011-10-21 00:00:00,31.32
2011-10-24 00:00:00,29.26
2011-10-25 00:00:00,32.22
2011-10-26 00:00:00,29.86
2011-10-27 00:00:00,25.46
2011-10-28 00:00:00,24.53
2011-10-31 00:00:00,29.96
2011-11-01 00:00:00,34.77
2011-11-02 00:00:00,32.74
2011-11-03 00:00:00,30.5
2011-11-04 00:00:00,30.16
2011-11-07 00:00:00,29.85
2011-11-08 00:00:00,27.48
2011-11-09 00:00:00,36.16
2011-11-10 00:00:00,32.81
2011-11-11 00:00:00,30.04
2011-11-14 00:00:00,31.13
2011-11-15 00:00:00,31.22
2011-11-16 00:00:00,33.51
2011-11-17 00:00:00,34.51
2011-11-18 00:00:00,32.0
2011-11-21 00:00:00,32.91
2011-11-22 00:00:00,31.97
2011-11-23 00:00:00,33.98
2011-11-24 00:00:00,33.98
2011-11-25 00:00:00,34.47
2011-11-28 00:00:00,32.13
2011-11-29 00:00:00,30.64
2011-11-30 00:00:00,27.8
2011-12-01 00:00:00,27.41
2011-12-02 00:00:00,27.52
2011-12-05 00:00:00,27.84
2011-12-06 00:00:00,28.13
2011-12-07 00:00:00,28.67
2011-12-08 00:00:00,30.59
2011-12-09 00:00:00,26.38
2011-12-12 00:00:00,25.67
2011-12-13 00:00:00,25.41
2011-12-14 00:00:00,26.04
2011-12-15 00:00:00,25.11
2011-12-16 00:00:00,24.29
2011-12-19 00:00:00,24.92
2011-12-20 00:00:00,23.22
2011-12-21 00:00:00,21.43
2011-12-22 00:00:00,21.16
2011-12-23 00:00:00,20.73
2011-12-26 00:00:00,20.73
2011-12-27 00:00:00,21.91
2011-12-28 00:00:00,23.52
2011-12-29 00:00:00,22.65
2011-12-30 00:00:00,23.4
2012-01-02 00:00:00,23.4
2012-01-03 00:00:00,22.97
2012-01-04 00:00:00,22.22
2012-01-05 00:00:00,21.48
2012-01-06 00:00:00,20.63
2012-01-09 00:00:00,21.07
2012-01-10 00:00:00,20.69
2012-01-11 00:00:00,21.05
2012-01-12 00:00:00,20.47
2012-01-13 00:00:00,20.91
2012-01-16 00:00:00,20.91
2012-01-17 00:00:00,22.2
2012-01-18 00:00:00,20.89
2012-01-19 00:00:00,19.87
2012-01-20 00:00:00,18.28
2012-01-23 00:00:00,18.67
2012-01-24 00:00:00,18.91
2012-01-25 00:00:00,18.31
2012-01-26 00:00:00,18.57
2012-01-27 00:00:00,18.53
2012-01-30 00:00:00,19.4
2012-01-31 00:00:00,19.44
2012-02-01 00:00:00,18.55
2012-02-02 00:00:00,17.98
2012-02-03 00:00:00,17.1
2012-02-06 00:00:00,17.76
2012-02-07 00:00:00,17.65
2012-02-08 00:00:00,18.16
2012-02-09 00:00:00,18.63
2012-02-10 00:00:00,20.79
2012-02-13 00:00:00,19.04
2012-02-14 00:00:00,19.54
2012-02-15 00:00:00,21.14
2012-02-16 00:00:00,19.22
2012-02-17 00:00:00,17.78
2012-02-20 00:00:00,17.78
2012-02-21 00:00:00,18.19
2012-02-22 00:00:00,18.19
2012-02-23 00:00:00,16.8
2012-02-24 00:00:00,17.31
2012-02-27 00:00:00,18.19
2012-02-28 00:00:00,17.96
2012-02-29 00:00:00,18.43
2012-03-01 00:00:00,17.26
2012-03-02 00:00:00,17.29
2012-03-05 00:00:00,18.05
2012-03-06 00:00:00,20.87
2012-03-07 00:00:00,19.07
2012-03-08 00:00:00,17.95
2012-03-09 00:00:00,17.11
2012-03-12 00:00:00,15.64
2012-03-13 00:00:00,14.8
2012-03-14 00:00:00,15.31
2012-03-15 00:00:00,15.42
2012-03-16 00:00:00,14.47
2012-03-19 00:00:00,15.04
2012-03-20 00:00:00,15.58
2012-03-21 00:00:00,15.13
2012-03-22 00:00:00,15.57
2012-03-23 00:00:00,14.82
2012-03-26 00:00:00,14.26
2012-03-27 00:00:00,15.59
2012-03-28 00:00:00,15.47
2012-03-29 00:00:00,15.48
2012-03-30 00:00:00,15.5
2012-04-02 00:00:00,15.64
2012-04-03 00:00:00,15.66
2012-04-04 00:00:00,16.44
2012-04-05 00:00:00,16.7
2012-04-06 00:00:00,16.7
2012-04-09 00:00:00,18.81
2012-04-10 00:00:00,20.39
2012-04-11 00:00:00,20.02
2012-04-12 00:00:00,17.2
2012-04-13 00:00:00,19.55
2012-04-16 00:00:00,19.55
2012-04-17 00:00:00,18.46
2012-04-18 00:00:00,18.64
2012-04-19 00:00:00,18.36
2012-04-20 00:00:00,17.44
2012-04-23 00:00:00,18.97
2012-04-24 00:00:00,18.1
2012-04-25 00:00:00,16.82
2012-04-26 00:00:00,16.24
2012-04-27 00:00:00,16.32
2012-04-30 00:00:00,17.15
2012-05-01 00:00:00,16.6
2012-05-02 00:00:00,16.88
2012-05-03 00:00:00,17.56
2012-05-04 00:00:00,19.16
2012-05-07 00:00:00,18.94
2012-05-08 00:00:00,19.05
2012-05-09 00:00:00,20.08
2012-05-10 00:00:00,18.83
2012-05-11 00:00:00,19.89
2012-05-14 00:00:00,21.87
2012-05-15 00:00:00,21.97
2012-05-16 00:00:00,22.27
2012-05-17 00:00:00,24.49
2012-05-18 00:00:00,25.1
2012-05-21 00:00:00,22.01
2012-05-22 00:00:00,22.48
2012-05-23 00:00:00,22.33
2012-05-24 00:00:00,21.54
2012-05-25 00:00:00,21.76
2012-05-28 00:00:00,21.76
2012-05-29 00:00:00,21.03
2012-05-30 00:00:00,24.14
2012-05-31 00:00:00,24.06
2012-06-01 00:00:00,26.66
2012-06-04 00:00:00,26.12
2012-06-05 00:00:00,24.68
2012-06-06 00:00:00,22.16
2012-06-07 00:00:00,21.72
2012-06-08 00:00:00,21.23
2012-06-11 00:00:00,23.56
2012-06-12 00:00:00,22.09
2012-06-13 00:00:00,24.27
2012-06-14 00:00:00,21.68
2012-06-15 00:00:00,21.11
2012-06-18 00:00:00,18.32
2012-06-19 00:00:00,18.38
2012-06-20 00:00:00,17.24
2012-06-21 00:00:00,20.08
2012-06-22 00:00:00,18.11
2012-06-25 00:00:00,20.38
2012-06-26 00:00:00,19.72
2012-06-27 00:00:00,19.45
2012-06-28 00:00:00,19.71
2012-06-29 00:00:00,17.08
2012-07-02 00:00:00,16.8
2012-07-03 00:00:00,16.66
2012-07-04 00:00:00,16.66
2012-07-05 00:00:00,17.5
2012-07-06 00:00:00,17.1
2012-07-09 00:00:00,17.98
2012-07-10 00:00:00,18.72
2012-07-11 00:00:00,17.95
2012-07-12 00:00:00,18.33
2012-07-13 00:00:00,16.74
2012-07-16 00:00:00,17.11
2012-07-17 00:00:00,16.48
2012-07-18 00:00:00,16.16
2012-07-19 00:00:00,15.45
2012-07-20 00:00:00,16.27
2012-07-23 00:00:00,18.62
2012-07-24 00:00:00,20.47
2012-07-25 00:00:00,19.34
2012-07-26 00:00:00,17.53
2012-07-27 00:00:00,16.7
2012-07-30 00:00:00,18.03
2012-07-31 00:00:00,18.93
2012-08-01 00:00:00,18.96
2012-08-02 00:00:00,17.57
2012-08-03 00:00:00,15.64
2012-08-06 00:00:00,15.95
2012-08-07 00:00:00,15.99
2012-08-08 00:00:00,15.32
2012-08-09 00:00:00,15.28
2012-08-10 00:00:00,14.74
2012-08-13 00:00:00,13.7
2012-08-14 00:00:00,14.85
2012-08-15 00:00:00,14.63
2012-08-16 00:00:00,14.29
2012-08-17 00:00:00,13.45
2012-08-20 00:00:00,14.02
2012-08-21 00:00:00,15.02
2012-08-22 00:00:00,15.11
2012-08-23 00:00:00,15.96
2012-08-24 00:00:00,15.18
2012-08-27 00:00:00,16.35
2012-08-28 00:00:00,16.49
2012-08-29 00:00:00,17.06
2012-08-30 00:00:00,17.83
2012-08-31 00:00:00,17.47
2012-09-03 00:00:00,17.47
2012-09-04 00:00:00,17.98
2012-09-05 00:00:00,17.74
2012-09-06 00:00:00,15.6
2012-09-07 00:00:00,14.38
2012-09-10 00:00:00,16.28
2012-09-11 00:00:00,16.41
2012-09-12 00:00:00,15.8
2012-09-13 00:00:00,14.05
2012-09-14 00:00:00,14.51
2012-09-17 00:00:00,14.59
2012-09-18 00:00:00,14.18
2012-09-19 00:00:00,13.88
2012-09-20 00:00:00,14.07
2012-09-21 00:00:00,13.98
2012-09-24 00:00:00,14.15
2012-09-25 00:00:00,15.43
2012-09-26 00:00:00,16.81
2012-09-27 00:00:00,14.84
2012-09-28 00:00:00,15.73
2012-10-01 00:00:00,16.32
2012-10-02 00:00:00,15.71
2012-10-03 00:00:00,15.43
2012-10-04 00:00:00,14.55
2012-10-05 00:00:00,14.33
2012-10-08 00:00:00,15.11
2012-10-09 00:00:00,16.37
2012-10-10 00:00:00,16.29
2012-10-11 00:00:00,15.59
2012-10-12 00:00:00,16.14
2012-10-15 00:00:00,15.27
2012-10-16 00:00:00,15.22
2012-10-17 00:00:00,15.07
2012-10-18 00:00:00,15.03
2012-10-19 00:00:00,17.06
2012-10-22 00:00:00,16.62
2012-10-23 00:00:00,18.83
2012-10-24 00:00:00,18.33
2012-10-25 00:00:00,18.12
2012-10-26 00:00:00,17.81
2012-10-29 00:00:00,17.81
2012-10-30 00:00:00,17.81
2012-10-31 00:00:00,18.6
2012-11-01 00:00:00,16.69
2012-11-02 00:00:00,17.59
2012-11-05 00:00:00,18.42
2012-11-06 00:00:00,17.58
2012-11-07 00:00:00,19.08
2012-11-08 00:00:00,18.49
2012-11-09 00:00:00,18.61
2012-11-12 00:00:00,16.68
2012-11-13 00:00:00,16.65
2012-11-14 00:00:00,17.92
2012-11-15 00:00:00,17.99
2012-11-16 00:00:00,16.41
2012-11-19 00:00:00,15.24
2012-11-20 00:00:00,15.08
2012-11-21 00:00:00,15.31
2012-11-22 00:00:00,15.31
2012-11-23 00:00:00,15.14
2012-11-26 00:00:00,15.5
2012-11-27 00:00:00,15.92
2012-11-28 00:00:00,15.51
2012-11-29 00:00:00,15.06
2012-11-30 00:00:00,15.87
2012-12-03 00:00:00,16.64
2012-12-04 00:00:00,17.12
2012-12-05 00:00:00,16.46
2012-12-06 00:00:00,16.58
2012-12-07 00:00:00,15.9
2012-12-10 00:00:00,16.05
2012-12-11 00:00:00,15.57
2012-12-12 00:00:00,15.95
2012-12-13 00:00:00,16.56
2012-12-14 00:00:00,17.0
2012-12-17 00:00:00,16.34
2012-12-18 00:00:00,15.57
2012-12-19 00:00:00,17.36
2012-12-20 00:00:00,17.67
2012-12-21 00:00:00,17.84
2012-12-24 00:00:00,17.84
2012-12-25 00:00:00,17.84
2012-12-26 00:00:00,19.48
2012-12-27 00:00:00,19.47
2012-12-28 00:00:00,22.72
2012-12-31 00:00:00,18.02
2013-01-01 00:00:00,18.02
2013-01-02 00:00:00,14.68
2013-01-03 00:00:00,14.56
2013-01-04 00:00:00,13.83
2013-01-07 00:00:00,13.79
2013-01-08 00:00:00,13.62
2013-01-09 00:00:00,13.81
2013-01-10 00:00:00,13.49
2013-01-11 00:00:00,13.36
2013-01-14 00:00:00,13.52
2013-01-15 00:00:00,13.55
2013-01-16 00:00:00,13.42
2013-01-17 00:00:00,13.57
2013-01-18 00:00:00,12.46
2013-01-21 00:00:00,12.46
2013-01-22 00:00:00,12.43
2013-01-23 00:00:00,12.46
2013-01-24 00:00:00,12.69
2013-01-25 00:00:00,12.89
2013-01-28 00:00:00,13.57
2013-01-29 00:00:00,13.31
2013-01-30 00:00:00,14.32
2013-01-31 00:00:00,14.28
2013-02-01 00:00:00,12.9
2013-02-04 00:00:00,14.67
2013-02-05 00:00:00,13.72
2013-02-06 00:00:00,13.41
2013-02-07 00:00:00,13.5
2013-02-08 00:00:00,13.02
2013-02-11 00:00:00,12.94
2013-02-12 00:00:00,12.64
2013-02-13 00:00:00,12.98
2013-02-14 00:00:00,12.66
2013-02-15 00:00:00,12.46
2013-02-18 00:00:00,12.46
2013-02-19 00:00:00,12.31
2013-02-20 00:00:00,14.68
2013-02-21 00:00:00,15.22
2013-02-22 00:00:00,14.17
2013-02-25 00:00:00,18.99
2013-02-26 00:00:00,16.87
2013-02-27 00:00:00,14.73
2013-02-28 00:00:00,15.51
2013-03-01 00:00:00,15.36
2013-03-04 00:00:00,14.01
2013-03-05 00:00:00,13.48
2013-03-06 00:00:00,13.53
2013-03-07 00:00:00,13.06
2013-03-08 00:00:00,12.59
2013-03-11 00:00:00,11.56
2013-03-12 00:00:00,12.27
2013-03-13 00:00:00,11.83
2013-03-14 00:00:00,11.3
2013-03-15 00:00:00,11.3
2013-03-18 00:00:00,13.36
2013-03-19 00:00:00,14.39
2013-03-20 00:00:00,12.67
2013-03-21 00:00:00,13.99
2013-03-22 00:00:00,13.57
2013-03-25 00:00:00,13.74
2013-03-26 00:00:00,12.77
2013-03-27 00:00:00,13.15
2013-03-28 00:00:00,12.7
2013-03-29 00:00:00,12.7
2013-04-01 00:00:00,13.58
2013-04-02 00:00:00,12.78
2013-04-03 00:00:00,14.21
2013-04-04 00:00:00,13.89
2013-04-05 00:00:00,13.92
2013-04-08 00:00:00,13.19
2013-04-09 00:00:00,12.84
2013-04-10 00:00:00,12.36
2013-04-11 00:00:00,12.24
2013-04-12 00:00:00,12.06
2013-04-15 00:00:00,17.27
2013-04-16 00:00:00,13.96
2013-04-17 00:00:00,16.51
2013-04-18 00:00:00,17.56
2013-04-19 00:00:00,14.97
2013-04-22 00:00:00,14.39
2013-04-23 00:00:00,13.48
2013-04-24 00:00:00,13.61
2013-04-25 00:00:00,13.62
2013-04-26 00:00:00,13.61
2013-04-29 00:00:00,13.71
2013-04-30 00:00:00,13.52
2013-05-01 00:00:00,14.49
2013-05-02 00:00:00,13.59
2013-05-03 00:00:00,12.85
2013-05-06 00:00:00,12.66
2013-05-07 00:00:00,12.83
2013-05-08 00:00:00,12.66
2013-05-09 00:00:00,13.13
2013-05-10 00:00:00,12.59
2013-05-13 00:00:00,12.55
2013-05-14 00:00:00,12.77
2013-05-15 00:00:00,12.81
2013-05-16 00:00:00,13.07
2013-05-17 00:00:00,12.45
2013-05-20 00:00:00,13.02
2013-05-21 00:00:00,13.37
2013-05-22 00:00:00,13.82
2013-05-23 00:00:00,14.07
2013-05-24 00:00:00,13.99
2013-05-27 00:00:00,13.99
2013-05-28 00:00:00,14.48
2013-05-29 00:00:00,14.83
2013-05-30 00:00:00,14.53
2013-05-31 00:00:00,16.3
2013-06-03 00:00:00,16.28
2013-06-04 00:00:00,16.27
2013-06-05 00:00:00,17.5
2013-06-06 00:00:00,16.63
2013-06-07 00:00:00,15.14
2013-06-10 00:00:00,15.44
2013-06-11 00:00:00,17.07
2013-06-12 00:00:00,18.59
2013-06-13 00:00:00,16.41
2013-06-14 00:00:00,17.15
2013-06-17 00:00:00,16.8
2013-06-18 00:00:00,16.61
2013-06-19 00:00:00,16.64
2013-06-20 00:00:00,20.49
2013-06-21 00:00:00,18.9
2013-06-24 00:00:00,20.11
2013-06-25 00:00:00,18.47
2013-06-26 00:00:00,17.21
2013-06-27 00:00:00,16.86
2013-06-28 00:00:00,16.86
2013-07-01 00:00:00,16.37
2013-07-02 00:00:00,16.44
2013-07-03 00:00:00,16.2
2013-07-04 00:00:00,16.2
2013-07-05 00:00:00,14.89
2013-07-08 00:00:00,14.78
2013-07-09 00:00:00,14.35
2013-07-10 00:00:00,14.21
2013-07-11 00:00:00,14.01
2013-07-12 00:00:00,13.84
2013-07-15 00:00:00,13.79
2013-07-16 00:00:00,14.42
2013-07-17 00:00:00,13.78
2013-07-18 00:00:00,13.77
2013-07-19 00:00:00,12.54
2013-07-22 00:00:00,12.29
2013-07-23 00:00:00,12.66
2013-07-24 00:00:00,13.18
2013-07-25 00:00:00,12.97
2013-07-26 00:00:00,12.72
2013-07-29 00:00:00,13.39
2013-07-30 00:00:00,13.39
2013-07-31 00:00:00,13.45
2013-08-01 00:00:00,12.94
2013-08-02 00:00:00,11.98
2013-08-05 00:00:00,11.84
2013-08-06 00:00:00,12.72
2013-08-07 00:00:00,12.98
2013-08-08 00:00:00,12.73
2013-08-09 00:00:00,13.41
2013-08-12 00:00:00,12.81
2013-08-13 00:00:00,12.31
2013-08-14 00:00:00,13.04
2013-08-15 00:00:00,14.73
2013-08-16 00:00:00,14.37
2013-08-19 00:00:00,15.1
2013-08-20 00:00:00,14.91
2013-08-21 00:00:00,15.94
2013-08-22 00:00:00,14.76
2013-08-23 00:00:00,13.98
2013-08-26 00:00:00,14.99
2013-08-27 00:00:00,16.77
2013-08-28 00:00:00,16.49
2013-08-29 00:00:00,16.81
2013-08-30 00:00:00,17.01
2013-09-02 00:00:00,17.01
2013-09-03 00:00:00,16.61
2013-09-04 00:00:00,15.88
2013-09-05 00:00:00,15.77
2013-09-06 00:00:00,15.85
2013-09-09 00:00:00,15.63
2013-09-10 00:00:00,14.53
2013-09-11 00:00:00,13.82
2013-09-12 00:00:00,14.29
2013-09-13 00:00:00,14.16
2013-09-16 00:00:00,14.38
2013-09-17 00:00:00,14.53
2013-09-18 00:00:00,13.59
2013-09-19 00:00:00,13.16
2013-09-20 00:00:00,13.12
2013-09-23 00:00:00,14.31
2013-09-24 00:00:00,14.08
2013-09-25 00:00:00,14.01
2013-09-26 00:00:00,14.06
2013-09-27 00:00:00,15.46
2013-09-30 00:00:00,16.6
2013-10-01 00:00:00,15.54
2013-10-02 00:00:00,16.6
2013-10-03 00:00:00,17.67
2013-10-04 00:00:00,16.74
2013-10-07 00:00:00,19.41
2013-10-08 00:00:00,20.34
2013-10-09 00:00:00,19.6
2013-10-10 00:00:00,16.48
2013-10-11 00:00:00,15.72
2013-10-14 00:00:00,16.07
2013-10-15 00:00:00,18.66
2013-10-16 00:00:00,14.71
2013-10-17 00:00:00,13.48
2013-10-18 00:00:00,13.04
2013-10-21 00:00:00,13.16
2013-10-22 00:00:00,13.33
2013-10-23 00:00:00,13.42
2013-10-24 00:00:00,13.2
2013-10-25 00:00:00,13.09
2013-10-28 00:00:00,13.31
2013-10-29 00:00:00,13.41
2013-10-30 00:00:00,13.65
2013-10-31 00:00:00,13.75
2013-11-01 00:00:00,13.28
2013-11-04 00:00:00,12.93
2013-11-05 00:00:00,13.27
2013-11-06 00:00:00,12.67
2013-11-07 00:00:00,13.91
2013-11-08 00:00:00,12.9
2013-11-11 00:00:00,12.53
2013-11-12 00:00:00,12.82
2013-11-13 00:00:00,12.52
2013-11-14 00:00:00,12.37
2013-11-15 00:00:00,12.19
2013-11-18 00:00:00,13.1
2013-11-19 00:00:00,13.39
2013-11-20 00:00:00,13.4
2013-11-21 00:00:00,12.66
2013-11-22 00:00:00,12.26
2013-11-25 00:00:00,12.79
2013-11-26 00:00:00,12.81
2013-11-27 00:00:00,12.98
2013-11-28 00:00:00,12.98
2013-11-29 00:00:00,13.7
2013-12-02 00:00:00,14.23
2013-12-03 00:00:00,14.55
2013-12-04 00:00:00,14.7
2013-12-05 00:00:00,15.08
2013-12-06 00:00:00,13.79
2013-12-09 00:00:00,13.49
2013-12-10 00:00:00,13.91
2013-12-11 00:00:00,15.42
2013-12-12 00:00:00,15.54
2013-12-13 00:00:00,15.76
2013-12-16 00:00:00,16.03
2013-12-17 00:00:00,16.21
2013-12-18 00:00:00,13.8
2013-12-19 00:00:00,14.15
2013-12-20 00:00:00,13.79
2013-12-23 00:00:00,13.04
2013-12-24 00:00:00,12.48
2013-12-25 00:00:00,12.48
2013-12-26 00:00:00,12.33
2013-12-27 00:00:00,12.46
2013-12-30 00:00:00,13.56
2013-12-31 00:00:00,13.72
2014-01-01 00:00:00,13.72
2014-01-02 00:00:00,14.23
2014-01-03 00:00:00,13.76
2014-01-06 00:00:00,13.55
2014-01-07 00:00:00,12.92
2014-01-08 00:00:00,12.87
2014-01-09 00:00:00,12.89
2014-01-10 00:00:00,12.14
2014-01-13 00:00:00,13.28
2014-01-14 00:00:00,12.28
2014-01-15 00:00:00,12.28
2014-01-16 00:00:00,12.53
2014-01-17 00:00:00,12.44
2014-01-20 00:00:00,12.44
2014-01-21 00:00:00,12.87
2014-01-22 00:00:00,12.84
2014-01-23 00:00:00,13.77
2014-01-24 00:00:00,18.14
2014-01-27 00:00:00,17.42
2014-01-28 00:00:00,15.8
2014-01-29 00:00:00,17.35
2014-01-30 00:00:00,17.29
2014-01-31 00:00:00,18.41
2014-02-03 00:00:00,21.44
2014-02-04 00:00:00,19.11
2014-02-05 00:00:00,19.95
2014-02-06 00:00:00,17.23
2014-02-07 00:00:00,15.29
2014-02-10 00:00:00,15.26
2014-02-11 00:00:00,14.51
2014-02-12 00:00:00,14.3
2014-02-13 00:00:00,14.14
2014-02-14 00:00:00,13.57
2014-02-17 00:00:00,13.57
2014-02-18 00:00:00,13.87
2014-02-19 00:00:00,15.5
2014-02-20 00:00:00,14.79
2014-02-21 00:00:00,14.68
2014-02-24 00:00:00,14.23
2014-02-25 00:00:00,13.67
2014-02-26 00:00:00,14.35
2014-02-27 00:00:00,14.04
2014-02-28 00:00:00,14.0
2014-03-03 00:00:00,16.0
2014-03-04 00:00:00,14.1
2014-03-05 00:00:00,13.89
2014-03-06 00:00:00,14.21
2014-03-07 00:00:00,14.11
2014-03-10 00:00:00,14.2
2014-03-11 00:00:00,14.8
2014-03-12 00:00:00,14.47
2014-03-13 00:00:00,16.22
2014-03-14 00:00:00,17.82
2014-03-17 00:00:00,15.64
2014-03-18 00:00:00,14.52
2014-03-19 00:00:00,15.12
2014-03-20 00:00:00,14.52
2014-03-21 00:00:00,15.0
2014-03-24 00:00:00,15.09
2014-03-25 00:00:00,14.02
2014-03-26 00:00:00,14.93
2014-03-27 00:00:00,14.62
2014-03-28 00:00:00,14.41
2014-03-31 00:00:00,13.88
2014-04-01 00:00:00,13.1
2014-04-02 00:00:00,13.09
2014-04-03 00:00:00,13.37
2014-04-04 00:00:00,13.96
2014-04-07 00:00:00,15.57
2014-04-08 00:00:00,14.89
2014-04-09 00:00:00,13.82
2014-04-10 00:00:00,15.89
2014-04-11 00:00:00,17.03
2014-04-14 00:00:00,16.11
2014-04-15 00:00:00,15.61
2014-04-16 00:00:00,14.18
2014-04-17 00:00:00,13.36
2014-04-18 00:00:00,13.36
2014-04-21 00:00:00,13.25
2014-04-22 00:00:00,13.19
2014-04-23 00:00:00,13.27
2014-04-24 00:00:00,13.32
2014-04-25 00:00:00,14.06
2014-04-28 00:00:00,13.97
2014-04-29 00:00:00,13.71
2014-04-30 00:00:00,13.41
2014-05-01 00:00:00,13.25
2014-05-02 00:00:00,12.91
2014-05-05 00:00:00,13.29
2014-05-06 00:00:00,13.8
2014-05-07 00:00:00,13.4
2014-05-08 00:00:00,13.43
2014-05-09 00:00:00,12.92
2014-05-12 00:00:00,12.23
2014-05-13 00:00:00,12.13
2014-05-14 00:00:00,12.17
2014-05-15 00:00:00,13.17
2014-05-16 00:00:00,12.44
2014-05-19 00:00:00,12.42
2014-05-20 00:00:00,12.96
2014-05-21 00:00:00,11.91
2014-05-22 00:00:00,12.03
2014-05-23 00:00:00,11.36
2014-05-26 00:00:00,11.36
2014-05-27 00:00:00,11.51
2014-05-28 00:00:00,11.68
2014-05-29 00:00:00,11.57
2014-05-30 00:00:00,11.4
2014-06-02 00:00:00,11.58
2014-06-03 00:00:00,11.87
2014-06-04 00:00:00,12.08
2014-06-05 00:00:00,11.68
2014-06-06 00:00:00,10.73
2014-06-09 00:00:00,11.15
2014-06-10 00:00:00,10.99
2014-06-11 00:00:00,11.6
2014-06-12 00:00:00,12.56
2014-06-13 00:00:00,12.18
2014-06-16 00:00:00,12.65
2014-06-17 00:00:00,12.06
2014-06-18 00:00:00,10.61
2014-06-19 00:00:00,10.62
2014-06-20 00:00:00,10.85
2014-06-23 00:00:00,10.98
2014-06-24 00:00:00,12.13
2014-06-25 00:00:00,11.59
2014-06-26 00:00:00,11.63
2014-06-27 00:00:00,11.26
2014-06-30 00:00:00,11.57
2014-07-01 00:00:00,11.15
2014-07-02 00:00:00,10.82
2014-07-03 00:00:00,10.32
2014-07-04 00:00:00,10.32
2014-07-07 00:00:00,11.33
2014-07-08 00:00:00,11.98
2014-07-09 00:00:00,11.65
2014-07-10 00:00:00,12.59
2014-07-11 00:00:00,12.08
2014-07-14 00:00:00,11.82
2014-07-15 00:00:00,11.96
2014-07-16 00:00:00,11.0
2014-07-17 00:00:00,14.54
2014-07-18 00:00:00,12.06
2014-07-21 00:00:00,12.81
2014-07-22 00:00:00,12.24
2014-07-23 00:00:00,11.52
2014-07-24 00:00:00,11.84
2014-07-25 00:00:00,12.69
2014-07-28 00:00:00,12.56
2014-07-29 00:00:00,13.28
2014-07-30 00:00:00,13.33
2014-07-31 00:00:00,16.95
2014-08-01 00:00:00,17.03
2014-08-04 00:00:00,15.12
2014-08-05 00:00:00,16.87
2014-08-06 00:00:00,16.37
2014-08-07 00:00:00,16.66
2014-08-08 00:00:00,15.77
2014-08-11 00:00:00,14.23
2014-08-12 00:00:00,14.13
2014-08-13 00:00:00,12.9
2014-08-14 00:00:00,12.42
2014-08-15 00:00:00,13.15
2014-08-18 00:00:00,12.32
2014-08-19 00:00:00,12.21
2014-08-20 00:00:00,11.78
2014-08-21 00:00:00,11.76
2014-08-22 00:00:00,11.47
2014-08-25 00:00:00,11.7
2014-08-26 00:00:00,11.63
2014-08-27 00:00:00,11.78
2014-08-28 00:00:00,12.05
2014-08-29 00:00:00,11.98
2014-09-01 00:00:00,11.98
2014-09-02 00:00:00,12.25
2014-09-03 00:00:00,12.36
2014-09-04 00:00:00,12.64
2014-09-05 00:00:00,12.09
2014-09-08 00:00:00,12.66
2014-09-09 00:00:00,13.5
2014-09-10 00:00:00,12.88
2014-09-11 00:00:00,12.8
2014-09-12 00:00:00,13.31
2014-09-15 00:00:00,14.12
2014-09-16 00:00:00,12.73
2014-09-17 00:00:00,12.65
2014-09-18 00:00:00,12.03
2014-09-19 00:00:00,12.11
2014-09-22 00:00:00,13.69
2014-09-23 00:00:00,14.93
2014-09-24 00:00:00,13.27
2014-09-25 00:00:00,15.64
2014-09-26 00:00:00,14.85
2014-09-29 00:00:00,15.98
2014-09-30 00:00:00,16.31
2014-10-01 00:00:00,16.71
2014-10-02 00:00:00,16.16
2014-10-03 00:00:00,14.55
2014-10-06 00:00:00,15.46
2014-10-07 00:00:00,17.2
2014-10-08 00:00:00,15.11
2014-10-09 00:00:00,18.76
2014-10-10 00:00:00,21.24
2014-10-13 00:00:00,24.64
2014-10-14 00:00:00,22.79
2014-10-15 00:00:00,26.25
2014-10-16 00:00:00,25.2
2014-10-17 00:00:00,21.99
2014-10-20 00:00:00,18.57
2014-10-21 00:00:00,16.08
2014-10-22 00:00:00,17.87
2014-10-23 00:00:00,16.53
2014-10-24 00:00:00,16.11
2014-10-27 00:00:00,16.04
2014-10-28 00:00:00,14.39
2014-10-29 00:00:00,15.15
2014-10-30 00:00:00,14.52
2014-10-31 00:00:00,14.03
2014-11-03 00:00:00,14.73
2014-11-04 00:00:00,14.89
2014-11-05 00:00:00,14.17
2014-11-06 00:00:00,13.67
2014-11-07 00:00:00,13.12
2014-11-10 00:00:00,12.67
2014-11-11 00:00:00,12.92
2014-11-12 00:00:00,13.02
2014-11-13 00:00:00,13.79
2014-11-14 00:00:00,13.31
2014-11-17 00:00:00,13.99
2014-11-18 00:00:00,13.86
2014-11-19 00:00:00,13.96
2014-11-20 00:00:00,13.58
2014-11-21 00:00:00,12.9
2014-11-24 00:00:00,12.62
2014-11-25 00:00:00,12.25
2014-11-26 00:00:00,12.07
2014-11-27 00:00:00,12.07
2014-11-28 00:00:00,13.33
2014-12-01 00:00:00,14.29
2014-12-02 00:00:00,12.85
2014-12-03 00:00:00,12.47
2014-12-04 00:00:00,12.38
2014-12-05 00:00:00,11.82
2014-12-08 00:00:00,14.21
2014-12-09 00:00:00,14.89
2014-12-10 00:00:00,18.53
2014-12-11 00:00:00,20.08
2014-12-12 00:00:00,21.08
2014-12-15 00:00:00,20.42
2014-12-16 00:00:00,23.57
2014-12-17 00:00:00,19.44
2014-12-18 00:00:00,16.81
2014-12-19 00:00:00,16.49
2014-12-22 00:00:00,15.25
2014-12-23 00:00:00,14.8
2014-12-24 00:00:00,14.37
2014-12-25 00:00:00,14.37
2014-12-26 00:00:00,14.5
2014-12-29 00:00:00,15.06
2014-12-30 00:00:00,15.92
2014-12-31 00:00:00,19.2
2015-01-01 00:00:00,19.2
2015-01-02 00:00:00,17.79
2015-01-05 00:00:00,19.92
2015-01-06 00:00:00,21.12
2015-01-07 00:00:00,19.31
2015-01-08 00:00:00,17.01
2015-01-09 00:00:00,17.55
2015-01-12 00:00:00,19.6
2015-01-13 00:00:00,20.56
2015-01-14 00:00:00,21.48
2015-01-15 00:00:00,22.39
2015-01-16 00:00:00,20.95
2015-01-19 00:00:00,20.95
2015-01-20 00:00:00,19.89
2015-01-21 00:00:00,18.85
2015-01-22 00:00:00,16.4
2015-01-23 00:00:00,16.66
2015-01-26 00:00:00,15.52
2015-01-27 00:00:00,17.22
2015-01-28 00:00:00,20.44
2015-01-29 00:00:00,18.76
2015-01-30 00:00:00,20.97
2015-02-02 00:00:00,19.43
2015-02-03 00:00:00,17.33
2015-02-04 00:00:00,18.33
2015-02-05 00:00:00,16.85
2015-02-06 00:00:00,17.29
2015-02-09 00:00:00,18.55
2015-02-10 00:00:00,17.23
2015-02-11 00:00:00,16.96
2015-02-12 00:00:00,15.34
2015-02-13 00:00:00,14.69
2015-02-16 00:00:00,14.69
2015-02-17 00:00:00,15.8
2015-02-18 00:00:00,15.45
2015-02-19 00:00:00,15.29
2015-02-20 00:00:00,14.3
2015-02-23 00:00:00,14.56
2015-02-24 00:00:00,13.69
2015-02-25 00:00:00,13.84
2015-02-26 00:00:00,13.91
2015-02-27 00:00:00,13.34
2015-03-02 00:00:00,13.04
2015-03-03 00:00:00,13.86
2015-03-04 00:00:00,14.23
2015-03-05 00:00:00,14.04
2015-03-06 00:00:00,15.2
2015-03-09 00:00:00,15.06
2015-03-10 00:00:00,16.69
2015-03-11 00:00:00,16.87
2015-03-12 00:00:00,15.42
2015-03-13 00:00:00,16.0
2015-03-16 00:00:00,15.61
2015-03-17 00:00:00,15.66
2015-03-18 00:00:00,13.97
2015-03-19 00:00:00,14.07
2015-03-20 00:00:00,13.02
2015-03-23 00:00:00,13.41
2015-03-24 00:00:00,13.62
2015-03-25 00:00:00,15.44
2015-03-26 00:00:00,15.8
2015-03-27 00:00:00,15.07
2015-03-30 00:00:00,14.51
2015-03-31 00:00:00,15.29
2015-04-01 00:00:00,15.11
2015-04-02 00:00:00,14.67
2015-04-03 00:00:00,14.67
2015-04-06 00:00:00,14.74
2015-04-07 00:00:00,14.78
2015-04-08 00:00:00,13.98
2015-04-09 00:00:00,13.09
2015-04-10 00:00:00,12.58
2015-04-13 00:00:00,13.94
2015-04-14 00:00:00,13.67
2015-04-15 00:00:00,12.84
2015-04-16 00:00:00,12.6
2015-04-17 00:00:00,13.89
2015-04-20 00:00:00,13.3
2015-04-21 00:00:00,13.25
2015-04-22 00:00:00,12.71
2015-04-23 00:00:00,12.48
2015-04-24 00:00:00,12.29
2015-04-27 00:00:00,13.12
2015-04-28 00:00:00,12.41
2015-04-29 00:00:00,13.39
2015-04-30 00:00:00,14.55
2015-05-01 00:00:00,12.7
2015-05-04 00:00:00,12.85
2015-05-05 00:00:00,14.31
2015-05-06 00:00:00,15.15
2015-05-07 00:00:00,15.13
2015-05-08 00:00:00,12.86
2015-05-11 00:00:00,13.85
2015-05-12 00:00:00,13.86
2015-05-13 00:00:00,13.76
2015-05-14 00:00:00,12.74
2015-05-15 00:00:00,12.38
2015-05-18 00:00:00,12.73
2015-05-19 00:00:00,12.85
2015-05-20 00:00:00,12.88
2015-05-21 00:00:00,12.11
2015-05-22 00:00:00,12.13
2015-05-25 00:00:00,12.13
2015-05-26 00:00:00,14.06
2015-05-27 00:00:00,13.27
2015-05-28 00:00:00,13.31
2015-05-29 00:00:00,13.84
2015-06-01 00:00:00,13.97
2015-06-02 00:00:00,14.24
2015-06-03 00:00:00,13.66
2015-06-04 00:00:00,14.71
2015-06-05 00:00:00,14.21
2015-06-08 00:00:00,15.29
2015-06-09 00:00:00,14.47
2015-06-10 00:00:00,13.22
2015-06-11 00:00:00,12.85
2015-06-12 00:00:00,13.78
2015-06-15 00:00:00,15.39
2015-06-16 00:00:00,14.81
2015-06-17 00:00:00,14.5
2015-06-18 00:00:00,13.19
2015-06-19 00:00:00,13.96
2015-06-22 00:00:00,12.74
2015-06-23 00:00:00,12.11
2015-06-24 00:00:00,13.26
2015-06-25 00:00:00,14.01
2015-06-26 00:00:00,14.02
2015-06-29 00:00:00,18.85
2015-06-30 00:00:00,18.23
2015-07-01 00:00:00,16.09
2015-07-02 00:00:00,16.79
2015-07-03 00:00:00,16.79
2015-07-06 00:00:00,17.01
2015-07-07 00:00:00,16.09
2015-07-08 00:00:00,19.66
2015-07-09 00:00:00,19.97
2015-07-10 00:00:00,16.83
2015-07-13 00:00:00,13.9
2015-07-14 00:00:00,13.37
2015-07-15 00:00:00,13.23
2015-07-16 00:00:00,12.11
2015-07-17 00:00:00,11.95
2015-07-20 00:00:00,12.25
2015-07-21 00:00:00,12.22
2015-07-22 00:00:00,12.12
2015-07-23 00:00:00,12.64
2015-07-24 00:00:00,13.74
2015-07-27 00:00:00,15.6
2015-07-28 00:00:00,13.44
2015-07-29 00:00:00,12.5
2015-07-30 00:00:00,12.13
2015-07-31 00:00:00,12.12
2015-08-03 00:00:00,12.56
2015-08-04 00:00:00,13.0
2015-08-05 00:00:00,12.51
2015-08-06 00:00:00,13.77
2015-08-07 00:00:00,13.39
2015-08-10 00:00:00,12.23
2015-08-11 00:00:00,13.71
2015-08-12 00:00:00,13.61
2015-08-13 00:00:00,13.49
2015-08-14 00:00:00,12.83
2015-08-17 00:00:00,13.02
2015-08-18 00:00:00,13.79
2015-08-19 00:00:00,15.25
2015-08-20 00:00:00,19.14
2015-08-21 00:00:00,28.03
2015-08-24 00:00:00,40.74
2015-08-25 00:00:00,36.02
2015-08-26 00:00:00,30.32
2015-08-27 00:00:00,26.1
2015-08-28 00:00:00,26.05
2015-08-31 00:00:00,28.43
2015-09-01 00:00:00,31.4
2015-09-02 00:00:00,26.09
2015-09-03 00:00:00,25.61
2015-09-04 00:00:00,27.8
2015-09-07 00:00:00,27.8
2015-09-08 00:00:00,24.9
2015-09-09 00:00:00,26.23
2015-09-10 00:00:00,24.37
2015-09-11 00:00:00,23.2
2015-09-14 00:00:00,24.25
2015-09-15 00:00:00,22.54
2015-09-16 00:00:00,21.35
2015-09-17 00:00:00,21.14
2015-09-18 00:00:00,22.28
2015-09-21 00:00:00,20.14
2015-09-22 00:00:00,22.44
2015-09-23 00:00:00,22.13
2015-09-24 00:00:00,23.47
2015-09-25 00:00:00,23.62
2015-09-28 00:00:00,27.63
2015-09-29 00:00:00,26.83
2015-09-30 00:00:00,24.5
2015-10-01 00:00:00,22.55
2015-10-02 00:00:00,20.94
2015-10-05 00:00:00,19.54
2015-10-06 00:00:00,19.4
2015-10-07 00:00:00,18.4
2015-10-08 00:00:00,17.42
2015-10-09 00:00:00,17.08
2015-10-12 00:00:00,16.17
2015-10-13 00:00:00,17.67
2015-10-14 00:00:00,18.03
2015-10-15 00:00:00,16.05
2015-10-16 00:00:00,15.05
2015-10-19 00:00:00,14.98
2015-10-20 00:00:00,15.75
2015-10-21 00:00:00,16.7
2015-10-22 00:00:00,14.45
2015-10-23 00:00:00,14.46
2015-10-26 00:00:00,15.29
2015-10-27 00:00:00,15.43
2015-10-28 00:00:00,14.33
2015-10-29 00:00:00,14.61
2015-10-30 00:00:00,15.07
2015-11-02 00:00:00,14.15
2015-11-03 00:00:00,14.54
2015-11-04 00:00:00,15.51
2015-11-05 00:00:00,15.05
2015-11-06 00:00:00,14.33
2015-11-09 00:00:00,16.52
2015-11-10 00:00:00,15.29
2015-11-11 00:00:00,16.06
2015-11-12 00:00:00,18.37
2015-11-13 00:00:00,20.08
2015-11-16 00:00:00,18.16
2015-11-17 00:00:00,18.84
2015-11-18 00:00:00,16.85
2015-11-19 00:00:00,16.99
2015-11-20 00:00:00,15.47
2015-11-23 00:00:00,15.62
2015-11-24 00:00:00,15.93
2015-11-25 00:00:00,15.19
2015-11-26 00:00:00,15.19
2015-11-27 00:00:00,15.12
2015-11-30 00:00:00,16.13
2015-12-01 00:00:00,14.67
2015-12-02 00:00:00,15.91
2015-12-03 00:00:00,18.11
2015-12-04 00:00:00,14.81
2015-12-07 00:00:00,15.84
2015-12-08 00:00:00,17.6
2015-12-09 00:00:00,19.61
2015-12-10 00:00:00,19.34
2015-12-11 00:00:00,24.39
2015-12-14 00:00:00,22.73
2015-12-15 00:00:00,20.95
2015-12-16 00:00:00,17.86
2015-12-17 00:00:00,18.94
2015-12-18 00:00:00,20.7
2015-12-21 00:00:00,18.7
2015-12-22 00:00:00,16.6
2015-12-23 00:00:00,15.57
2015-12-24 00:00:00,15.74
2015-12-25 00:00:00,15.74
2015-12-28 00:00:00,16.91
2015-12-29 00:00:00,16.08
2015-12-30 00:00:00,17.29
2015-12-31 00:00:00,18.21
2016-01-01 00:00:00,18.21
2016-01-04 00:00:00,20.7
2016-01-05 00:00:00,19.34
2016-01-06 00:00:00,20.59
2016-01-07 00:00:00,24.99
2016-01-08 00:00:00,27.01
2016-01-11 00:00:00,24.3
2016-01-12 00:00:00,22.47
2016-01-13 00:00:00,25.22
2016-01-14 00:00:00,23.95
2016-01-15 00:00:00,27.02
2016-01-18 00:00:00,27.02
2016-01-19 00:00:00,26.05
2016-01-20 00:00:00,27.59
2016-01-21 00:00:00,26.69
2016-01-22 00:00:00,22.34
2016-01-25 00:00:00,24.15
2016-01-26 00:00:00,22.5
2016-01-27 00:00:00,23.11
2016-01-28 00:00:00,22.42
2016-01-29 00:00:00,20.2
2016-02-01 00:00:00,19.98
2016-02-02 00:00:00,21.98
2016-02-03 00:00:00,21.65
2016-02-04 00:00:00,21.84
2016-02-05 00:00:00,23.38
2016-02-08 00:00:00,26.0
2016-02-09 00:00:00,26.54
2016-02-10 00:00:00,26.29
2016-02-11 00:00:00,28.14
2016-02-12 00:00:00,25.4
2016-02-15 00:00:00,25.4
2016-02-16 00:00:00,24.11
2016-02-17 00:00:00,22.31
2016-02-18 00:00:00,21.64
2016-02-19 00:00:00,20.53
2016-02-22 00:00:00,19.38
2016-02-23 00:00:00,20.98
2016-02-24 00:00:00,20.72
2016-02-25 00:00:00,19.11
2016-02-26 00:00:00,19.81
2016-02-29 00:00:00,20.55
2016-03-01 00:00:00,17.7
2016-03-02 00:00:00,17.09
2016-03-03 00:00:00,16.7
2016-03-04 00:00:00,16.86
2016-03-07 00:00:00,17.35
2016-03-08 00:00:00,18.67
2016-03-09 00:00:00,18.34
2016-03-10 00:00:00,18.05
2016-03-11 00:00:00,16.5
2016-03-14 00:00:00,16.92
2016-03-15 00:00:00,16.84
2016-03-16 00:00:00,14.99
2016-03-17 00:00:00,14.44
2016-03-18 00:00:00,14.02
2016-03-21 00:00:00,13.79
2016-03-22 00:00:00,14.17
2016-03-23 00:00:00,14.94
2016-03-24 00:00:00,14.74
2016-03-25 00:00:00,14.74
2016-03-28 00:00:00,15.24
2016-03-29 00:00:00,13.82
2016-03-30 00:00:00,13.56
2016-03-31 00:00:00,13.95
2016-04-01 00:00:00,13.1
2016-04-04 00:00:00,14.12
2016-04-05 00:00:00,15.42
2016-04-06 00:00:00,14.09
2016-04-07 00:00:00,16.16
2016-04-08 00:00:00,15.36
2016-04-11 00:00:00,16.26
2016-04-12 00:00:00,14.85
2016-04-13 00:00:00,13.84
2016-04-14 00:00:00,13.72
2016-04-15 00:00:00,13.62
2016-04-18 00:00:00,13.35
2016-04-19 00:00:00,13.24
2016-04-20 00:00:00,13.28
2016-04-21 00:00:00,13.95
2016-04-22 00:00:00,13.22
2016-04-25 00:00:00,14.08
2016-04-26 00:00:00,13.96
2016-04-27 00:00:00,13.77
2016-04-28 00:00:00,15.22
2016-04-29 00:00:00,15.7
2016-05-02 00:00:00,14.68
2016-05-03 00:00:00,15.6
2016-05-04 00:00:00,16.05
2016-05-05 00:00:00,15.91
2016-05-06 00:00:00,14.72
2016-05-09 00:00:00,14.57
2016-05-10 00:00:00,13.63
2016-05-11 00:00:00,14.69
2016-05-12 00:00:00,14.41
2016-05-13 00:00:00,15.04
2016-05-16 00:00:00,14.68
2016-05-17 00:00:00,15.57
2016-05-18 00:00:00,15.95
2016-05-19 00:00:00,16.33
2016-05-20 00:00:00,15.2
2016-05-23 00:00:00,15.82
2016-05-24 00:00:00,14.42
2016-05-25 00:00:00,13.9
2016-05-26 00:00:00,13.43
2016-05-27 00:00:00,13.12
2016-05-30 00:00:00,13.12
2016-05-31 00:00:00,14.19
2016-06-01 00:00:00,14.2
2016-06-02 00:00:00,13.63
2016-06-03 00:00:00,13.47
2016-06-06 00:00:00,13.65
2016-06-07 00:00:00,14.05
2016-06-08 00:00:00,14.08
2016-06-09 00:00:00,14.64
2016-06-10 00:00:00,17.03
2016-06-13 00:00:00,20.97
2016-06-14 00:00:00,20.5
2016-06-15 00:00:00,20.14
2016-06-16 00:00:00,19.37
2016-06-17 00:00:00,19.41
2016-06-20 00:00:00,18.37
2016-06-21 00:00:00,18.48
2016-06-22 00:00:00,21.17
2016-06-23 00:00:00,17.25
2016-06-24 00:00:00,25.76
2016-06-27 00:00:00,23.85
2016-06-28 00:00:00,18.75
2016-06-29 00:00:00,16.64
2016-06-30 00:00:00,15.63
2016-07-01 00:00:00,14.77
2016-07-04 00:00:00,14.77
2016-07-05 00:00:00,15.58
2016-07-06 00:00:00,14.96
2016-07-07 00:00:00,14.76
2016-07-08 00:00:00,13.2
2016-07-11 00:00:00,13.54
2016-07-12 00:00:00,13.55
2016-07-13 00:00:00,13.04
2016-07-14 00:00:00,12.82
2016-07-15 00:00:00,12.67
2016-07-18 00:00:00,12.44
2016-07-19 00:00:00,11.97
2016-07-20 00:00:00,11.77
2016-07-21 00:00:00,12.74
2016-07-22 00:00:00,12.02
2016-07-25 00:00:00,12.87
2016-07-26 00:00:00,13.05
2016-07-27 00:00:00,12.83
2016-07-28 00:00:00,12.72
2016-07-29 00:00:00,11.87
2016-08-01 00:00:00,12.44
2016-08-02 00:00:00,13.37
2016-08-03 00:00:00,12.86
2016-08-04 00:00:00,12.42
2016-08-05 00:00:00,11.39
2016-08-08 00:00:00,11.5
2016-08-09 00:00:00,11.66
2016-08-10 00:00:00,12.05
2016-08-11 00:00:00,11.68
2016-08-12 00:00:00,11.55
2016-08-15 00:00:00,11.81
2016-08-16 00:00:00,12.64
2016-08-17 00:00:00,12.19
2016-08-18 00:00:00,11.43
2016-08-19 00:00:00,11.34
2016-08-22 00:00:00,12.27
2016-08-23 00:00:00,12.38
2016-08-24 00:00:00,13.45
2016-08-25 00:00:00,13.63
2016-08-26 00:00:00,13.65
2016-08-29 00:00:00,12.94
2016-08-30 00:00:00,13.12
2016-08-31 00:00:00,13.42
2016-09-01 00:00:00,13.48
2016-09-02 00:00:00,11.98
2016-09-05 00:00:00,11.98
2016-09-06 00:00:00,12.02
2016-09-07 00:00:00,11.94
2016-09-08 00:00:00,12.51
2016-09-09 00:00:00,17.5
2016-09-12 00:00:00,15.16
2016-09-13 00:00:00,17.85
2016-09-14 00:00:00,18.14
2016-09-15 00:00:00,16.3
2016-09-16 00:00:00,15.37
2016-09-19 00:00:00,15.53
2016-09-20 00:00:00,15.92
2016-09-21 00:00:00,13.3
2016-09-22 00:00:00,12.02
2016-09-23 00:00:00,12.29
2016-09-26 00:00:00,14.5
2016-09-27 00:00:00,13.1
2016-09-28 00:00:00,12.39
2016-09-29 00:00:00,14.02
2016-09-30 00:00:00,13.29
2016-10-03 00:00:00,13.57
2016-10-04 00:00:00,13.63
2016-10-05 00:00:00,12.99
2016-10-06 00:00:00,12.84
2016-10-07 00:00:00,13.48
2016-10-10 00:00:00,13.38
2016-10-11 00:00:00,15.36
2016-10-12 00:00:00,15.91
2016-10-13 00:00:00,16.69
2016-10-14 00:00:00,16.12
2016-10-17 00:00:00,16.21
2016-10-18 00:00:00,15.28
2016-10-19 00:00:00,14.41
2016-10-20 00:00:00,13.75
2016-10-21 00:00:00,13.34
2016-10-24 00:00:00,13.02
2016-10-25 00:00:00,13.46
2016-10-26 00:00:00,14.24
2016-10-27 00:00:00,15.36
2016-10-28 00:00:00,16.19
2016-10-31 00:00:00,17.06
2016-11-01 00:00:00,18.56
2016-11-02 00:00:00,19.32
2016-11-03 00:00:00,22.08
2016-11-04 00:00:00,22.51
2016-11-07 00:00:00,18.71
2016-11-08 00:00:00,18.74
2016-11-09 00:00:00,14.38
2016-11-10 00:00:00,14.74
2016-11-11 00:00:00,14.17
2016-11-14 00:00:00,14.48
2016-11-15 00:00:00,13.37
2016-11-16 00:00:00,13.72
2016-11-17 00:00:00,13.35
2016-11-18 00:00:00,12.85
2016-11-21 00:00:00,12.42
2016-11-22 00:00:00,12.41
2016-11-23 00:00:00,12.43
2016-11-24 00:00:00,12.43
2016-11-25 00:00:00,12.34
2016-11-28 00:00:00,13.15
2016-11-29 00:00:00,12.9
2016-11-30 00:00:00,13.33
2016-12-01 00:00:00,14.07
2016-12-02 00:00:00,14.12
2016-12-05 00:00:00,12.14
2016-12-06 00:00:00,11.79
2016-12-07 00:00:00,12.22
2016-12-08 00:00:00,12.64
2016-12-09 00:00:00,11.75
2016-12-12 00:00:00,12.64
2016-12-13 00:00:00,12.72
2016-12-14 00:00:00,13.19
2016-12-15 00:00:00,12.79
2016-12-16 00:00:00,12.2
2016-12-19 00:00:00,11.71
2016-12-20 00:00:00,11.45
2016-12-21 00:00:00,11.27
2016-12-22 00:00:00,11.43
2016-12-23 00:00:00,11.44
2016-12-26 00:00:00,11.44
2016-12-27 00:00:00,11.99
2016-12-28 00:00:00,12.95
2016-12-29 00:00:00,13.37
2016-12-30 00:00:00,14.04
2017-01-02 00:00:00,14.04
2017-01-03 00:00:00,12.85
2017-01-04 00:00:00,11.85
2017-01-05 00:00:00,11.67
2017-01-06 00:00:00,11.32
2017-01-09 00:00:00,11.56
2017-01-10 00:00:00,11.49
2017-01-11 00:00:00,11.26
2017-01-12 00:00:00,11.54
2017-01-13 00:00:00,11.23
2017-01-16 00:00:00,11.23
2017-01-17 00:00:00,11.87
2017-01-18 00:00:00,12.48
2017-01-19 00:00:00,12.78
2017-01-20 00:00:00,11.54
2017-01-23 00:00:00,11.77
2017-01-24 00:00:00,11.07
2017-01-25 00:00:00,10.81
2017-01-26 00:00:00,10.63
2017-01-27 00:00:00,10.58
2017-01-30 00:00:00,11.88
2017-01-31 00:00:00,11.99
2017-02-01 00:00:00,11.81
2017-02-02 00:00:00,11.93
2017-02-03 00:00:00,10.97
2017-02-06 00:00:00,11.37
2017-02-07 00:00:00,11.29
2017-02-08 00:00:00,11.45
2017-02-09 00:00:00,10.88
2017-02-10 00:00:00,10.85
2017-02-13 00:00:00,11.07
2017-02-14 00:00:00,10.74
2017-02-15 00:00:00,11.97
2017-02-16 00:00:00,11.76
2017-02-17 00:00:00,11.49
2017-02-20 00:00:00,11.49
2017-02-21 00:00:00,11.57
2017-02-22 00:00:00,11.74
2017-02-23 00:00:00,11.71
2017-02-24 00:00:00,11.47
2017-02-27 00:00:00,12.09
2017-02-28 00:00:00,12.92
2017-03-01 00:00:00,12.54
2017-03-02 00:00:00,11.81
2017-03-03 00:00:00,10.96
2017-03-06 00:00:00,11.24
2017-03-07 00:00:00,11.45
2017-03-08 00:00:00,11.86
2017-03-09 00:00:00,12.3
2017-03-10 00:00:00,11.66
2017-03-13 00:00:00,11.35
2017-03-14 00:00:00,12.3
2017-03-15 00:00:00,11.63
2017-03-16 00:00:00,11.21
2017-03-17 00:00:00,11.28
2017-03-20 00:00:00,11.34
2017-03-21 00:00:00,12.47
2017-03-22 00:00:00,12.81
2017-03-23 00:00:00,13.12
2017-03-24 00:00:00,12.96
2017-03-27 00:00:00,12.5
2017-03-28 00:00:00,11.53
2017-03-29 00:00:00,11.42
2017-03-30 00:00:00,11.54
2017-03-31 00:00:00,12.37
2017-04-03 00:00:00,12.38
2017-04-04 00:00:00,11.79
2017-04-05 00:00:00,12.89
2017-04-06 00:00:00,12.39
2017-04-07 00:00:00,12.87
2017-04-10 00:00:00,14.05
2017-04-11 00:00:00,15.07
2017-04-12 00:00:00,15.77
2017-04-13 00:00:00,15.96
2017-04-14 00:00:00,15.96
2017-04-17 00:00:00,14.66
2017-04-18 00:00:00,14.42
2017-04-19 00:00:00,14.93
2017-04-20 00:00:00,14.15
2017-04-21 00:00:00,14.63
2017-04-24 00:00:00,10.84
2017-04-25 00:00:00,10.76
2017-04-26 00:00:00,10.85
2017-04-27 00:00:00,10.36
2017-04-28 00:00:00,10.82
2017-05-01 00:00:00,10.11
2017-05-02 00:00:00,10.59
2017-05-03 00:00:00,10.68
2017-05-04 00:00:00,10.46
2017-05-05 00:00:00,10.57
2017-05-08 00:00:00,9.77
2017-05-09 00:00:00,9.96
2017-05-10 00:00:00,10.21
2017-05-11 00:00:00,10.6
2017-05-12 00:00:00,10.4
2017-05-15 00:00:00,10.42
2017-05-16 00:00:00,10.65
2017-05-17 00:00:00,15.59
2017-05-18 00:00:00,14.66
2017-05-19 00:00:00,12.04
2017-05-22 00:00:00,10.93
2017-05-23 00:00:00,10.72
2017-05-24 00:00:00,10.02
2017-05-25 00:00:00,9.99
2017-05-26 00:00:00,9.81
2017-05-29 00:00:00,9.81
2017-05-30 00:00:00,10.38
2017-05-31 00:00:00,10.41
2017-06-01 00:00:00,9.89
2017-06-02 00:00:00,9.75
2017-06-05 00:00:00,10.07
2017-06-06 00:00:00,10.45
2017-06-07 00:00:00,10.39
2017-06-08 00:00:00,10.16
2017-06-09 00:00:00,10.7
2017-06-12 00:00:00,11.46
2017-06-13 00:00:00,10.42
2017-06-14 00:00:00,10.64
2017-06-15 00:00:00,10.9
2017-06-16 00:00:00,10.38
2017-06-19 00:00:00,10.37
2017-06-20 00:00:00,10.86
2017-06-21 00:00:00,10.75
2017-06-22 00:00:00,10.48
2017-06-23 00:00:00,10.02
2017-06-26 00:00:00,9.9
2017-06-27 00:00:00,11.06
2017-06-28 00:00:00,10.03
2017-06-29 00:00:00,11.44
2017-06-30 00:00:00,11.18
2017-07-03 00:00:00,11.22
2017-07-04 00:00:00,11.22
2017-07-05 00:00:00,11.07
2017-07-06 00:00:00,12.54
2017-07-07 00:00:00,11.19
2017-07-10 00:00:00,11.11
2017-07-11 00:00:00,10.89
2017-07-12 00:00:00,10.3
2017-07-13 00:00:00,9.9
2017-07-14 00:00:00,9.51
2017-07-17 00:00:00,9.82
2017-07-18 00:00:00,9.89
2017-07-19 00:00:00,9.79
2017-07-20 00:00:00,9.58
2017-07-21 00:00:00,9.36
2017-07-24 00:00:00,9.43
2017-07-25 00:00:00,9.43
2017-07-26 00:00:00,9.6
2017-07-27 00:00:00,10.11
2017-07-28 00:00:00,10.29
2017-07-31 00:00:00,10.26
2017-08-01 00:00:00,10.09
2017-08-02 00:00:00,10.28
2017-08-03 00:00:00,10.44
2017-08-04 00:00:00,10.03
2017-08-07 00:00:00,9.93
2017-08-08 00:00:00,10.96
2017-08-09 00:00:00,11.11
2017-08-10 00:00:00,16.04
2017-08-11 00:00:00,15.51
2017-08-14 00:00:00,12.33
2017-08-15 00:00:00,12.04
2017-08-16 00:00:00,11.74
2017-08-17 00:00:00,15.55
2017-08-18 00:00:00,14.26
2017-08-21 00:00:00,13.19
2017-08-22 00:00:00,11.35
2017-08-23 00:00:00,12.25
2017-08-24 00:00:00,12.23
2017-08-25 00:00:00,11.28
2017-08-28 00:00:00,11.32
2017-08-29 00:00:00,11.7
2017-08-30 00:00:00,11.22
2017-08-31 00:00:00,10.59
2017-09-01 00:00:00,10.13
2017-09-04 00:00:00,10.13
2017-09-05 00:00:00,12.23
2017-09-06 00:00:00,11.63
2017-09-07 00:00:00,11.55
2017-09-08 00:00:00,12.12
2017-09-11 00:00:00,10.73
2017-09-12 00:00:00,10.58
2017-09-13 00:00:00,10.5
2017-09-14 00:00:00,10.44
2017-09-15 00:00:00,10.17
2017-09-18 00:00:00,10.15
2017-09-19 00:00:00,10.18
2017-09-20 00:00:00,9.78
2017-09-21 00:00:00,9.67
2017-09-22 00:00:00,9.59
2017-09-25 00:00:00,10.21
2017-09-26 00:00:00,10.17
2017-09-27 00:00:00,9.87
2017-09-28 00:00:00,9.55
2017-09-29 00:00:00,9.51
2017-10-02 00:00:00,9.45
2017-10-03 00:00:00,9.51
2017-10-04 00:00:00,9.63
2017-10-05 00:00:00,9.19
2017-10-06 00:00:00,9.65
2017-10-09 00:00:00,10.33
2017-10-10 00:00:00,10.08
2017-10-11 00:00:00,9.85
2017-10-12 00:00:00,9.91
2017-10-13 00:00:00,9.61
2017-10-16 00:00:00,9.91
2017-10-17 00:00:00,10.31
2017-10-18 00:00:00,10.07
2017-10-19 00:00:00,10.05
2017-10-20 00:00:00,9.97
2017-10-23 00:00:00,11.07
2017-10-24 00:00:00,11.16
2017-10-25 00:00:00,11.23
2017-10-26 00:00:00,11.3
2017-10-27 00:00:00,9.8
2017-10-30 00:00:00,10.5
2017-10-31 00:00:00,10.18
2017-11-01 00:00:00,10.2
2017-11-02 00:00:00,9.93
2017-11-03 00:00:00,9.14
2017-11-06 00:00:00,9.4
2017-11-07 00:00:00,9.89
2017-11-08 00:00:00,9.78
2017-11-09 00:00:00,10.5
2017-11-10 00:00:00,11.29
2017-11-13 00:00:00,11.5
2017-11-14 00:00:00,11.59
2017-11-15 00:00:00,13.13
2017-11-16 00:00:00,11.76
2017-11-17 00:00:00,11.43
2017-11-20 00:00:00,10.65
2017-11-21 00:00:00,9.73
2017-11-22 00:00:00,9.88
2017-11-23 00:00:00,9.88
2017-11-24 00:00:00,9.67
2017-11-27 00:00:00,9.87
2017-11-28 00:00:00,10.03
2017-11-29 00:00:00,10.7
2017-11-30 00:00:00,11.28
2017-12-01 00:00:00,11.43
2017-12-04 00:00:00,11.68
2017-12-05 00:00:00,11.33
2017-12-06 00:00:00,11.02
2017-12-07 00:00:00,10.16
2017-12-08 00:00:00,9.58
2017-12-11 00:00:00,9.34
2017-12-12 00:00:00,9.92
2017-12-13 00:00:00,10.18
2017-12-14 00:00:00,10.49
2017-12-15 00:00:00,9.42
2017-12-18 00:00:00,9.53
2017-12-19 00:00:00,10.03
2017-12-20 00:00:00,9.72
2017-12-21 00:00:00,9.62
2017-12-22 00:00:00,9.9
2017-12-25 00:00:00,9.9
2017-12-26 00:00:00,10.25
2017-12-27 00:00:00,10.47
2017-12-28 00:00:00,10.18
2017-12-29 00:00:00,11.04
2018-01-01 00:00:00,11.04
2018-01-02 00:00:00,9.77
2018-01-03 00:00:00,9.15
2018-01-04 00:00:00,9.22
2018-01-05 00:00:00,9.22
2018-01-08 00:00:00,9.52
2018-01-09 00:00:00,10.08
2018-01-10 00:00:00,9.82
2018-01-11 00:00:00,9.88
2018-01-12 00:00:00,10.16
2018-01-15 00:00:00,10.16
2018-01-16 00:00:00,11.66
2018-01-17 00:00:00,11.91
2018-01-18 00:00:00,12.22
2018-01-19 00:00:00,11.27
2018-01-22 00:00:00,11.03
2018-01-23 00:00:00,11.1
2018-01-24 00:00:00,11.47
2018-01-25 00:00:00,11.58
2018-01-26 00:00:00,11.08
2018-01-29 00:00:00,13.84
2018-01-30 00:00:00,14.79
2018-01-31 00:00:00,13.54
2018-02-01 00:00:00,13.47
2018-02-02 00:00:00,17.31
2018-02-05 00:00:00,37.32
2018-02-06 00:00:00,29.98
2018-02-07 00:00:00,27.73
2018-02-08 00:00:00,33.46
2018-02-09 00:00:00,29.06
2018-02-12 00:00:00,25.61
2018-02-13 00:00:00,24.97
2018-02-14 00:00:00,19.26
2018-02-15 00:00:00,19.13
2018-02-16 00:00:00,19.46
2018-02-19 00:00:00,19.46
2018-02-20 00:00:00,20.6
2018-02-21 00:00:00,20.02
2018-02-22 00:00:00,18.72
2018-02-23 00:00:00,16.49
2018-02-26 00:00:00,15.8
2018-02-27 00:00:00,18.59
2018-02-28 00:00:00,19.85
2018-03-01 00:00:00,22.47
2018-03-02 00:00:00,19.59
2018-03-05 00:00:00,18.73
2018-03-06 00:00:00,18.36
2018-03-07 00:00:00,17.76
2018-03-08 00:00:00,16.54
2018-03-09 00:00:00,14.64
2018-03-12 00:00:00,15.78
2018-03-13 00:00:00,16.35
2018-03-14 00:00:00,17.23
2018-03-15 00:00:00,16.59
2018-03-16 00:00:00,15.8
2018-03-19 00:00:00,19.02
2018-03-20 00:00:00,18.2
2018-03-21 00:00:00,17.86
2018-03-22 00:00:00,23.34
2018-03-23 00:00:00,24.87
2018-03-26 00:00:00,21.03
2018-03-27 00:00:00,22.5
2018-03-28 00:00:00,22.87
2018-03-29 00:00:00,19.97
2018-03-30 00:00:00,19.97
2018-04-02 00:00:00,23.62
2018-04-03 00:00:00,21.1
2018-04-04 00:00:00,20.06
2018-04-05 00:00:00,18.94
2018-04-06 00:00:00,21.49
2018-04-09 00:00:00,21.77
2018-04-10 00:00:00,20.47
2018-04-11 00:00:00,20.24
2018-04-12 00:00:00,18.49
2018-04-13 00:00:00,17.41
2018-04-16 00:00:00,16.56
2018-04-17 00:00:00,15.25
2018-04-18 00:00:00,15.6
2018-04-19 00:00:00,15.96
2018-04-20 00:00:00,16.88
2018-04-23 00:00:00,16.34
2018-04-24 00:00:00,18.02
2018-04-25 00:00:00,17.84
2018-04-26 00:00:00,16.24
2018-04-27 00:00:00,15.41
2018-04-30 00:00:00,15.93
2018-05-01 00:00:00,15.49
2018-05-02 00:00:00,15.97
2018-05-03 00:00:00,15.9
2018-05-04 00:00:00,14.77
2018-05-07 00:00:00,14.75
2018-05-08 00:00:00,14.71
2018-05-09 00:00:00,13.42
2018-05-10 00:00:00,13.23
2018-05-11 00:00:00,12.65
2018-05-14 00:00:00,12.93
2018-05-15 00:00:00,14.63
2018-05-16 00:00:00,13.42
2018-05-17 00:00:00,13.43
2018-05-18 00:00:00,13.42
2018-05-21 00:00:00,13.08
2018-05-22 00:00:00,13.22
2018-05-23 00:00:00,12.58
2018-05-24 00:00:00,12.53
2018-05-25 00:00:00,13.22
2018-05-28 00:00:00,13.22
2018-05-29 00:00:00,17.02
2018-05-30 00:00:00,14.94
2018-05-31 00:00:00,15.43
2018-06-01 00:00:00,13.46
2018-06-04 00:00:00,12.74
2018-06-05 00:00:00,12.4
2018-06-06 00:00:00,11.64
2018-06-07 00:00:00,12.13
2018-06-08 00:00:00,12.18
2018-06-11 00:00:00,12.35
2018-06-12 00:00:00,12.34
2018-06-13 00:00:00,12.94
2018-06-14 00:00:00,12.12
2018-06-15 00:00:00,11.98
2018-06-18 00:00:00,12.31
2018-06-19 00:00:00,13.35
2018-06-20 00:00:00,12.79
2018-06-21 00:00:00,14.64
2018-06-22 00:00:00,13.77
2018-06-25 00:00:00,17.33
2018-06-26 00:00:00,15.92
2018-06-27 00:00:00,17.91
2018-06-28 00:00:00,16.85
2018-06-29 00:00:00,16.09
2018-07-02 00:00:00,15.6
2018-07-03 00:00:00,16.14
2018-07-04 00:00:00,16.14
2018-07-05 00:00:00,14.97
2018-07-06 00:00:00,13.37
2018-07-09 00:00:00,12.69
2018-07-10 00:00:00,12.64
2018-07-11 00:00:00,13.63
2018-07-12 00:00:00,12.58
2018-07-13 00:00:00,12.18
2018-07-16 00:00:00,12.83
2018-07-17 00:00:00,12.06
2018-07-18 00:00:00,12.1
2018-07-19 00:00:00,12.87
2018-07-20 00:00:00,12.86
2018-07-23 00:00:00,12.62
2018-07-24 00:00:00,12.41
2018-07-25 00:00:00,12.29
2018-07-26 00:00:00,12.14
2018-07-27 00:00:00,13.03
2018-07-30 00:00:00,14.26
2018-07-31 00:00:00,12.83
2018-08-01 00:00:00,13.15
2018-08-02 00:00:00,12.19
2018-08-03 00:00:00,11.64
2018-08-06 00:00:00,11.27
2018-08-07 00:00:00,10.93
2018-08-08 00:00:00,10.85
2018-08-09 00:00:00,11.27
2018-08-10 00:00:00,13.16
2018-08-13 00:00:00,14.78
2018-08-14 00:00:00,13.31
2018-08-15 00:00:00,14.64
2018-08-16 00:00:00,13.45
2018-08-17 00:00:00,12.64
2018-08-20 00:00:00,12.49
2018-08-21 00:00:00,12.86
2018-08-22 00:00:00,12.25
2018-08-23 00:00:00,12.41
2018-08-24 00:00:00,11.99
2018-08-27 00:00:00,12.16
2018-08-28 00:00:00,12.5
2018-08-29 00:00:00,12.25
2018-08-30 00:00:00,13.53
2018-08-31 00:00:00,12.86
2018-09-03 00:00:00,12.86
2018-09-04 00:00:00,13.16
2018-09-05 00:00:00,13.91
2018-09-06 00:00:00,14.65
2018-09-07 00:00:00,14.88
2018-09-10 00:00:00,14.16
2018-09-11 00:00:00,13.22
2018-09-12 00:00:00,13.14
2018-09-13 00:00:00,12.37
2018-09-14 00:00:00,12.07
2018-09-17 00:00:00,13.68
2018-09-18 00:00:00,12.79
2018-09-19 00:00:00,11.75
2018-09-20 00:00:00,11.8
2018-09-21 00:00:00,11.68
2018-09-24 00:00:00,12.2
2018-09-25 00:00:00,12.42
2018-09-26 00:00:00,12.89
2018-09-27 00:00:00,12.41
2018-09-28 00:00:00,12.12
2018-10-01 00:00:00,12.0
2018-10-02 00:00:00,12.05
2018-10-03 00:00:00,11.61
2018-10-04 00:00:00,14.22
2018-10-05 00:00:00,14.82
2018-10-08 00:00:00,15.69
2018-10-09 00:00:00,15.95
2018-10-10 00:00:00,22.96
2018-10-11 00:00:00,24.98
2018-10-12 00:00:00,21.31
2018-10-15 00:00:00,21.3
2018-10-16 00:00:00,17.62
2018-10-17 00:00:00,17.4
2018-10-18 00:00:00,20.06
2018-10-19 00:00:00,19.89
2018-10-22 00:00:00,19.64
2018-10-23 00:00:00,20.71
2018-10-24 00:00:00,25.23
2018-10-25 00:00:00,24.22
2018-10-26 00:00:00,24.16
2018-10-29 00:00:00,24.7
2018-10-30 00:00:00,23.35
2018-10-31 00:00:00,21.23
2018-11-01 00:00:00,19.34
2018-11-02 00:00:00,19.51
2018-11-05 00:00:00,19.96
2018-11-06 00:00:00,19.91
2018-11-07 00:00:00,16.36
2018-11-08 00:00:00,16.72
2018-11-09 00:00:00,17.36
2018-11-12 00:00:00,20.45
2018-11-13 00:00:00,20.02
2018-11-14 00:00:00,21.25
2018-11-15 00:00:00,19.98
2018-11-16 00:00:00,18.14
2018-11-19 00:00:00,20.1
2018-11-20 00:00:00,22.48
2018-11-21 00:00:00,20.8
2018-11-22 00:00:00,20.8
2018-11-23 00:00:00,21.52
2018-11-26 00:00:00,18.9
2018-11-27 00:00:00,19.02
2018-11-28 00:00:00,18.49
2018-11-29 00:00:00,18.79
2018-11-30 00:00:00,18.07
2018-12-03 00:00:00,16.44
2018-12-04 00:00:00,20.74
2018-12-05 00:00:00,20.74
2018-12-06 00:00:00,21.19
2018-12-07 00:00:00,23.23
2018-12-10 00:00:00,22.64
2018-12-11 00:00:00,21.76
2018-12-12 00:00:00,21.46
2018-12-13 00:00:00,20.65
2018-12-14 00:00:00,21.63
2018-12-17 00:00:00,24.52
2018-12-18 00:00:00,25.58
2018-12-19 00:00:00,25.58
2018-12-20 00:00:00,28.38
2018-12-21 00:00:00,30.11
2018-12-24 00:00:00,36.07
2018-12-25 00:00:00,36.07
2018-12-26 00:00:00,30.41
2018-12-27 00:00:00,29.96
2018-12-28 00:00:00,28.34
2018-12-31 00:00:00,25.42
2019-01-01 00:00:00,25.42
2019-01-02 00:00:00,23.22
2019-01-03 00:00:00,25.45
2019-01-04 00:00:00,21.38
2019-01-07 00:00:00,21.4
2019-01-08 00:00:00,20.47
2019-01-09 00:00:00,19.98
2019-01-10 00:00:00,19.5
2019-01-11 00:00:00,18.19
2019-01-14 00:00:00,19.07
2019-01-15 00:00:00,18.6
2019-01-16 00:00:00,19.04
2019-01-17 00:00:00,18.06
2019-01-18 00:00:00,17.8
2019-01-21 00:00:00,17.8
2019-01-22 00:00:00,20.8
2019-01-23 00:00:00,19.52
2019-01-24 00:00:00,18.89
2019-01-25 00:00:00,17.42
2019-01-28 00:00:00,18.87
2019-01-29 00:00:00,19.13
2019-01-30 00:00:00,17.66
2019-01-31 00:00:00,16.57
2019-02-01 00:00:00,16.14
2019-02-04 00:00:00,15.73
2019-02-05 00:00:00,15.57
2019-02-06 00:00:00,15.38
2019-02-07 00:00:00,16.37
2019-02-08 00:00:00,15.72
2019-02-11 00:00:00,15.97
2019-02-12 00:00:00,15.43
2019-02-13 00:00:00,15.65
2019-02-14 00:00:00,16.22
2019-02-15 00:00:00,14.91
2019-02-18 00:00:00,14.91
2019-02-19 00:00:00,14.88
2019-02-20 00:00:00,14.02
2019-02-21 00:00:00,14.46
2019-02-22 00:00:00,13.51
2019-02-25 00:00:00,14.85
2019-02-26 00:00:00,15.17
2019-02-27 00:00:00,14.7
2019-02-28 00:00:00,14.78
2019-03-01 00:00:00,13.57
2019-03-04 00:00:00,14.63
2019-03-05 00:00:00,14.74
2019-03-06 00:00:00,15.74
2019-03-07 00:00:00,16.59
2019-03-08 00:00:00,16.05
2019-03-11 00:00:00,14.33
2019-03-12 00:00:00,13.77
2019-03-13 00:00:00,13.41
2019-03-14 00:00:00,13.5
2019-03-15 00:00:00,12.88
2019-03-18 00:00:00,13.1
2019-03-19 00:00:00,13.56
2019-03-20 00:00:00,13.91
2019-03-21 00:00:00,13.63
2019-03-22 00:00:00,16.48
2019-03-25 00:00:00,16.33
2019-03-26 00:00:00,14.68
2019-03-27 00:00:00,15.15
2019-03-28 00:00:00,14.43
2019-03-29 00:00:00,13.71
2019-04-01 00:00:00,13.4
2019-04-02 00:00:00,13.36
2019-04-03 00:00:00,13.74
2019-04-04 00:00:00,13.58
2019-04-05 00:00:00,12.82
2019-04-08 00:00:00,13.18
2019-04-09 00:00:00,14.28
2019-04-10 00:00:00,13.3
2019-04-11 00:00:00,13.02
2019-04-12 00:00:00,12.01
2019-04-15 00:00:00,12.32
2019-04-16 00:00:00,12.18
2019-04-17 00:00:00,12.6
2019-04-18 00:00:00,12.09
2019-04-19 00:00:00,12.09
2019-04-22 00:00:00,12.42
2019-04-23 00:00:00,12.28
2019-04-24 00:00:00,13.14
2019-04-25 00:00:00,13.25
2019-04-26 00:00:00,12.73
2019-04-29 00:00:00,13.11
2019-04-30 00:00:00,13.12
2019-05-01 00:00:00,14.8
2019-05-02 00:00:00,14.42
2019-05-03 00:00:00,12.87
2019-05-06 00:00:00,15.44
2019-05-07 00:00:00,19.32
2019-05-08 00:00:00,19.4
2019-05-09 00:00:00,19.1
2019-05-10 00:00:00,16.04
2019-05-13 00:00:00,20.55
2019-05-14 00:00:00,18.06
2019-05-15 00:00:00,16.44
2019-05-16 00:00:00,15.29
2019-05-17 00:00:00,15.96
2019-05-20 00:00:00,16.31
2019-05-21 00:00:00,14.95
2019-05-22 00:00:00,14.75
2019-05-23 00:00:00,16.92
2019-05-24 00:00:00,15.85
2019-05-27 00:00:00,15.85
2019-05-28 00:00:00,17.5
2019-05-29 00:00:00,17.9
2019-05-30 00:00:00,17.3
2019-05-31 00:00:00,18.71
2019-06-03 00:00:00,18.86
2019-06-04 00:00:00,16.97
2019-06-05 00:00:00,16.09
2019-06-06 00:00:00,15.93
2019-06-07 00:00:00,16.3
2019-06-10 00:00:00,15.94
2019-06-11 00:00:00,15.99
2019-06-12 00:00:00,15.91
2019-06-13 00:00:00,15.82
2019-06-14 00:00:00,15.28
2019-06-17 00:00:00,15.35
2019-06-18 00:00:00,15.15
2019-06-19 00:00:00,14.33
2019-06-20 00:00:00,14.75
2019-06-21 00:00:00,15.4
2019-06-24 00:00:00,15.26
2019-06-25 00:00:00,16.28
2019-06-26 00:00:00,16.21
2019-06-27 00:00:00,15.82
2019-06-28 00:00:00,15.08
2019-07-01 00:00:00,14.06
2019-07-02 00:00:00,12.93
2019-07-03 00:00:00,12.57
2019-07-04 00:00:00,12.57
2019-07-05 00:00:00,13.28
2019-07-08 00:00:00,13.96
2019-07-09 00:00:00,14.09
2019-07-10 00:00:00,13.03
2019-07-11 00:00:00,12.93
2019-07-12 00:00:00,12.39
2019-07-15 00:00:00,12.68
2019-07-16 00:00:00,12.86
2019-07-17 00:00:00,13.97
2019-07-18 00:00:00,13.53
2019-07-19 00:00:00,14.45
2019-07-22 00:00:00,13.53
2019-07-23 00:00:00,12.61
2019-07-24 00:00:00,12.07
2019-07-25 00:00:00,12.74
2019-07-26 00:00:00,12.16
2019-07-29 00:00:00,12.83
2019-07-30 00:00:00,13.94
2019-07-31 00:00:00,16.12
2019-08-01 00:00:00,17.87
2019-08-02 00:00:00,17.61
2019-08-05 00:00:00,24.59
2019-08-06 00:00:00,20.17
2019-08-07 00:00:00,19.49
2019-08-08 00:00:00,16.91
2019-08-09 00:00:00,17.97
2019-08-12 00:00:00,21.09
2019-08-13 00:00:00,17.52
2019-08-14 00:00:00,22.1
2019-08-15 00:00:00,21.18
2019-08-16 00:00:00,18.47
2019-08-19 00:00:00,16.88
2019-08-20 00:00:00,17.5
2019-08-21 00:00:00,15.8
2019-08-22 00:00:00,16.68
2019-08-23 00:00:00,19.87
2019-08-26 00:00:00,19.32
2019-08-27 00:00:00,20.31
2019-08-28 00:00:00,19.35
2019-08-29 00:00:00,17.88
2019-08-30 00:00:00,18.98
2019-09-02 00:00:00,18.98
2019-09-03 00:00:00,19.66
2019-09-04 00:00:00,17.33
2019-09-05 00:00:00,16.27
2019-09-06 00:00:00,15.0
2019-09-09 00:00:00,15.27
2019-09-10 00:00:00,15.2
2019-09-11 00:00:00,14.61
2019-09-12 00:00:00,14.22
2019-09-13 00:00:00,13.74
2019-09-16 00:00:00,14.67
2019-09-17 00:00:00,14.44
2019-09-18 00:00:00,13.95
2019-09-19 00:00:00,14.05
2019-09-20 00:00:00,15.32
2019-09-23 00:00:00,14.91
2019-09-24 00:00:00,17.05
2019-09-25 00:00:00,15.96
2019-09-26 00:00:00,16.07
2019-09-27 00:00:00,17.22
2019-09-30 00:00:00,16.24
2019-10-01 00:00:00,18.56
2019-10-02 00:00:00,20.56
2019-10-03 00:00:00,19.12
2019-10-04 00:00:00,17.04
2019-10-07 00:00:00,17.86
2019-10-08 00:00:00,20.28
2019-10-09 00:00:00,18.64
2019-10-10 00:00:00,17.57
2019-10-11 00:00:00,15.58
2019-10-14 00:00:00,14.57
2019-10-15 00:00:00,13.54
2019-10-16 00:00:00,13.68
2019-10-17 00:00:00,13.79
2019-10-18 00:00:00,14.25
2019-10-21 00:00:00,14.0
2019-10-22 00:00:00,14.46
2019-10-23 00:00:00,14.01
2019-10-24 00:00:00,13.71
2019-10-25 00:00:00,12.65
2019-10-28 00:00:00,13.11
2019-10-29 00:00:00,13.2
2019-10-30 00:00:00,12.33
2019-10-31 00:00:00,13.22
2019-11-01 00:00:00,12.3
2019-11-04 00:00:00,12.83
2019-11-05 00:00:00,13.1
2019-11-06 00:00:00,12.62
2019-11-07 00:00:00,12.73
2019-11-08 00:00:00,12.07
2019-11-11 00:00:00,12.69
2019-11-12 00:00:00,12.68
2019-11-13 00:00:00,13.0
2019-11-14 00:00:00,13.05
2019-11-15 00:00:00,12.05
2019-11-18 00:00:00,12.46
2019-11-19 00:00:00,12.86
2019-11-20 00:00:00,12.78
2019-11-21 00:00:00,13.13
2019-11-22 00:00:00,12.34
2019-11-25 00:00:00,11.87
2019-11-26 00:00:00,11.54
2019-11-27 00:00:00,11.75
2019-11-28 00:00:00,11.75
2019-11-29 00:00:00,12.62
2019-12-02 00:00:00,14.91
2019-12-03 00:00:00,15.96
2019-12-04 00:00:00,14.8
2019-12-05 00:00:00,14.52
2019-12-06 00:00:00,13.62
2019-12-09 00:00:00,15.86
2019-12-10 00:00:00,15.68
2019-12-11 00:00:00,14.99
2019-12-12 00:00:00,13.94
2019-12-13 00:00:00,12.63
2019-12-16 00:00:00,12.14
2019-12-17 00:00:00,12.29
2019-12-18 00:00:00,12.58
2019-12-19 00:00:00,12.5
2019-12-20 00:00:00,12.51
2019-12-23 00:00:00,12.61
2019-12-24 00:00:00,12.67
2019-12-25 00:00:00,12.67
2019-12-26 00:00:00,12.65
2019-12-27 00:00:00,13.43
2019-12-30 00:00:00,14.82
2019-12-31 00:00:00,13.78
2020-01-01 00:00:00,13.78
2020-01-02 00:00:00,12.47
2020-01-03 00:00:00,14.02
2020-01-06 00:00:00,13.85
2020-01-07 00:00:00,13.79
2020-01-08 00:00:00,13.45
2020-01-09 00:00:00,12.54
2020-01-10 00:00:00,12.56
2020-01-13 00:00:00,12.32
2020-01-14 00:00:00,12.39
2020-01-15 00:00:00,12.42
2020-01-16 00:00:00,12.32
2020-01-17 00:00:00,12.1
2020-01-20 00:00:00,12.1
2020-01-21 00:00:00,12.85
2020-01-22 00:00:00,12.91
2020-01-23 00:00:00,12.98
2020-01-24 00:00:00,14.56
2020-01-27 00:00:00,18.23
2020-01-28 00:00:00,16.28
2020-01-29 00:00:00,16.39
2020-01-30 00:00:00,15.49
2020-01-31 00:00:00,18.84
2020-02-03 00:00:00,17.97
2020-02-04 00:00:00,16.05
2020-02-05 00:00:00,15.15
2020-02-06 00:00:00,14.96
2020-02-07 00:00:00,15.47
2020-02-10 00:00:00,15.04
2020-02-11 00:00:00,15.18
2020-02-12 00:00:00,13.74
2020-02-13 00:00:00,14.15
2020-02-14 00:00:00,13.68
2020-02-17 00:00:00,13.68
2020-02-18 00:00:00,14.83
2020-02-19 00:00:00,14.38
2020-02-20 00:00:00,15.56
2020-02-21 00:00:00,17.08
2020-02-24 00:00:00,25.03
2020-02-25 00:00:00,27.85
2020-02-26 00:00:00,27.56
2020-02-27 00:00:00,39.16
2020-02-28 00:00:00,40.11
2020-03-02 00:00:00,33.42
2020-03-03 00:00:00,36.82
2020-03-04 00:00:00,31.99
2020-03-05 00:00:00,39.62
2020-03-06 00:00:00,41.94
2020-03-09 00:00:00,54.46
2020-03-10 00:00:00,47.3
2020-03-11 00:00:00,53.9
2020-03-12 00:00:00,75.47
2020-03-13 00:00:00,57.83
2020-03-16 00:00:00,82.69
2020-03-17 00:00:00,75.91
2020-03-18 00:00:00,76.45
2020-03-19 00:00:00,72.0
2020-03-20 00:00:00,66.04
2020-03-23 00:00:00,61.59
2020-03-24 00:00:00,61.67
2020-03-25 00:00:00,63.95
2020-03-26 00:00:00,61.0
2020-03-27 00:00:00,65.54
2020-03-30 00:00:00,57.08
2020-03-31 00:00:00,53.54
2020-04-01 00:00:00,57.06
2020-04-02 00:00:00,50.91
2020-04-03 00:00:00,46.8
2020-04-06 00:00:00,45.24
2020-04-07 00:00:00,46.7
2020-04-08 00:00:00,43.35
2020-04-09 00:00:00,41.67
2020-04-10 00:00:00,41.67
2020-04-13 00:00:00,41.17
2020-04-14 00:00:00,37.76
2020-04-15 00:00:00,40.84
2020-04-16 00:00:00,40.11
2020-04-17 00:00:00,38.15
2020-04-20 00:00:00,43.83
2020-04-21 00:00:00,45.41
2020-04-22 00:00:00,41.98
2020-04-23 00:00:00,41.38
2020-04-24 00:00:00,35.93
2020-04-27 00:00:00,33.29
2020-04-28 00:00:00,33.57
2020-04-29 00:00:00,31.23
2020-04-30 00:00:00,34.15
2020-05-01 00:00:00,37.19
2020-05-04 00:00:00,35.97
2020-05-05 00:00:00,33.61
2020-05-06 00:00:00,34.12
2020-05-07 00:00:00,31.44
2020-05-08 00:00:00,27.98
2020-05-11 00:00:00,27.57
2020-05-12 00:00:00,33.04
2020-05-13 00:00:00,35.28
2020-05-14 00:00:00,32.61
2020-05-15 00:00:00,31.89
2020-05-18 00:00:00,29.3
2020-05-19 00:00:00,30.53
2020-05-20 00:00:00,27.99
2020-05-21 00:00:00,29.53
2020-05-22 00:00:00,28.16
2020-05-25 00:00:00,28.16
2020-05-26 00:00:00,28.01
2020-05-27 00:00:00,27.62
2020-05-28 00:00:00,28.59
2020-05-29 00:00:00,27.51
2020-06-01 00:00:00,28.23
2020-06-02 00:00:00,26.84
2020-06-03 00:00:00,25.66
2020-06-04 00:00:00,25.81
2020-06-05 00:00:00,24.52
2020-06-08 00:00:00,25.81
2020-06-09 00:00:00,27.57
2020-06-10 00:00:00,27.57
2020-06-11 00:00:00,40.79
2020-06-12 00:00:00,36.09
2020-06-15 00:00:00,34.4
2020-06-16 00:00:00,33.67
2020-06-17 00:00:00,33.47
2020-06-18 00:00:00,32.94
2020-06-19 00:00:00,35.12
2020-06-22 00:00:00,31.77
2020-06-23 00:00:00,31.37
2020-06-24 00:00:00,33.84
2020-06-25 00:00:00,32.22
2020-06-26 00:00:00,34.73
2020-06-29 00:00:00,31.78
2020-06-30 00:00:00,30.43
2020-07-01 00:00:00,28.62
2020-07-02 00:00:00,27.68
2020-07-03 00:00:00,27.68
2020-07-06 00:00:00,27.94
2020-07-07 00:00:00,29.43
2020-07-08 00:00:00,28.08
2020-07-09 00:00:00,29.26
2020-07-10 00:00:00,27.29
2020-07-13 00:00:00,32.19
2020-07-14 00:00:00,29.52
2020-07-15 00:00:00,27.76
2020-07-16 00:00:00,28.0
2020-07-17 00:00:00,25.68
2020-07-20 00:00:00,24.46
2020-07-21 00:00:00,24.84
2020-07-22 00:00:00,24.32
2020-07-23 00:00:00,26.08
2020-07-24 00:00:00,25.84
2020-07-27 00:00:00,24.74
2020-07-28 00:00:00,25.44
2020-07-29 00:00:00,24.1
2020-07-30 00:00:00,24.76
2020-07-31 00:00:00,24.46
2020-08-03 00:00:00,24.28
2020-08-04 00:00:00,23.76
2020-08-05 00:00:00,22.99
2020-08-06 00:00:00,22.65
2020-08-07 00:00:00,22.21
2020-08-10 00:00:00,22.13
2020-08-11 00:00:00,24.03
2020-08-12 00:00:00,22.28
2020-08-13 00:00:00,22.13
2020-08-14 00:00:00,22.05
2020-08-17 00:00:00,21.35
2020-08-18 00:00:00,21.51
2020-08-19 00:00:00,22.54
2020-08-20 00:00:00,22.72
2020-08-21 00:00:00,22.54
2020-08-24 00:00:00,22.37
2020-08-25 00:00:00,22.03
2020-08-26 00:00:00,23.27
2020-08-27 00:00:00,24.47
2020-08-28 00:00:00,22.96
2020-08-31 00:00:00,26.41
2020-09-01 00:00:00,26.12
2020-09-02 00:00:00,26.57
2020-09-03 00:00:00,33.6
2020-09-04 00:00:00,30.75
2020-09-07 00:00:00,30.75
2020-09-08 00:00:00,31.46
2020-09-09 00:00:00,28.81
2020-09-10 00:00:00,29.71
2020-09-11 00:00:00,26.87
2020-09-14 00:00:00,25.85
2020-09-15 00:00:00,25.59
2020-09-16 00:00:00,26.04
2020-09-17 00:00:00,26.46
2020-09-18 00:00:00,25.83
2020-09-21 00:00:00,27.78
2020-09-22 00:00:00,26.86
2020-09-23 00:00:00,28.58
2020-09-24 00:00:00,28.51
2020-09-25 00:00:00,26.38
2020-09-28 00:00:00,26.19
2020-09-29 00:00:00,26.27
2020-09-30 00:00:00,26.37
2020-10-01 00:00:00,26.7
2020-10-02 00:00:00,27.63
2020-10-05 00:00:00,27.96
2020-10-06 00:00:00,29.48
2020-10-07 00:00:00,28.06
2020-10-08 00:00:00,26.36
2020-10-09 00:00:00,25.0
2020-10-12 00:00:00,25.07
2020-10-13 00:00:00,26.07
2020-10-14 00:00:00,26.4
2020-10-15 00:00:00,26.97
2020-10-16 00:00:00,27.41
2020-10-19 00:00:00,29.18
2020-10-20 00:00:00,29.35
2020-10-21 00:00:00,28.65
2020-10-22 00:00:00,28.11
2020-10-23 00:00:00,27.55
2020-10-26 00:00:00,32.46
2020-10-27 00:00:00,33.35
2020-10-28 00:00:00,40.28
2020-10-29 00:00:00,37.59
2020-10-30 00:00:00,38.02
2020-11-02 00:00:00,37.13
2020-11-03 00:00:00,35.55
2020-11-04 00:00:00,29.57
2020-11-05 00:00:00,27.58
2020-11-06 00:00:00,24.86
2020-11-09 00:00:00,25.75
2020-11-10 00:00:00,24.8
2020-11-11 00:00:00,23.45
2020-11-12 00:00:00,25.35
2020-11-13 00:00:00,23.1
2020-11-16 00:00:00,22.45
2020-11-17 00:00:00,22.71
2020-11-18 00:00:00,23.84
2020-11-19 00:00:00,23.11
2020-11-20 00:00:00,23.7
2020-11-23 00:00:00,22.66
2020-11-24 00:00:00,21.64
2020-11-25 00:00:00,21.25
2020-11-26 00:00:00,21.25
2020-11-27 00:00:00,20.84
2020-11-30 00:00:00,20.57
2020-12-01 00:00:00,20.77
2020-12-02 00:00:00,21.17
2020-12-03 00:00:00,21.28
2020-12-04 00:00:00,20.79
2020-12-07 00:00:00,21.3
2020-12-08 00:00:00,20.68
2020-12-09 00:00:00,22.27
2020-12-10 00:00:00,22.52
2020-12-11 00:00:00,23.31
2020-12-14 00:00:00,24.72
2020-12-15 00:00:00,22.89
2020-12-16 00:00:00,22.5
2020-12-17 00:00:00,21.93
2020-12-18 00:00:00,21.57
2020-12-21 00:00:00,25.16
2020-12-22 00:00:00,24.23
2020-12-23 00:00:00,23.31
2020-12-24 00:00:00,21.53
2020-12-25 00:00:00,21.53
2020-12-28 00:00:00,21.7
2020-12-29 00:00:00,23.08
2020-12-30 00:00:00,22.77
2020-12-31 00:00:00,22.75
2021-01-01 00:00:00,22.75
2021-01-04 00:00:00,26.97
2021-01-05 00:00:00,25.34
2021-01-06 00:00:00,25.07
2021-01-07 00:00:00,22.37
2021-01-08 00:00:00,21.56
2021-01-11 00:00:00,24.08
2021-01-12 00:00:00,23.33
2021-01-13 00:00:00,22.21
2021-01-14 00:00:00,23.25
2021-01-15 00:00:00,24.34
2021-01-18 00:00:00,24.34
2021-01-19 00:00:00,23.24
2021-01-20 00:00:00,21.58
2021-01-21 00:00:00,21.32
2021-01-22 00:00:00,21.91
2021-01-25 00:00:00,23.19
2021-01-26 00:00:00,23.02
2021-01-27 00:00:00,37.21
2021-01-28 00:00:00,30.21
2021-01-29 00:00:00,33.09
2021-02-01 00:00:00,30.24
2021-02-02 00:00:00,25.56
2021-02-03 00:00:00,22.91
2021-02-04 00:00:00,21.77
2021-02-05 00:00:00,20.87
2021-02-08 00:00:00,21.24
2021-02-09 00:00:00,21.63
2021-02-10 00:00:00,21.99
2021-02-11 00:00:00,21.25
2021-02-12 00:00:00,19.97
2021-02-15 00:00:00,19.97
2021-02-16 00:00:00,21.46
2021-02-17 00:00:00,21.5
2021-02-18 00:00:00,22.49
2021-02-19 00:00:00,22.05
2021-02-22 00:00:00,23.45
2021-02-23 00:00:00,23.11
2021-02-24 00:00:00,21.34
2021-02-25 00:00:00,28.89
2021-02-26 00:00:00,27.95
2021-03-01 00:00:00,23.35
2021-03-02 00:00:00,24.1
2021-03-03 00:00:00,26.67
2021-03-04 00:00:00,28.57
2021-03-05 00:00:00,24.66
2021-03-08 00:00:00,25.47
2021-03-09 00:00:00,24.03
2021-03-10 00:00:00,22.56
2021-03-11 00:00:00,21.91
2021-03-12 00:00:00,20.69
2021-03-15 00:00:00,20.03
2021-03-16 00:00:00,19.79
2021-03-17 00:00:00,19.23
2021-03-18 00:00:00,21.58
2021-03-19 00:00:00,20.95
2021-03-22 00:00:00,18.88
2021-03-23 00:00:00,20.3
2021-03-24 00:00:00,21.2
2021-03-25 00:00:00,19.81
2021-03-26 00:00:00,18.86
2021-03-29 00:00:00,20.74
2021-03-30 00:00:00,19.61
2021-03-31 00:00:00,19.4
2021-04-01 00:00:00,17.33
2021-04-02 00:00:00,17.33
2021-04-05 00:00:00,17.91
2021-04-06 00:00:00,18.12
2021-04-07 00:00:00,17.16
2021-04-08 00:00:00,16.95
2021-04-09 00:00:00,16.69
2021-04-12 00:00:00,16.91
2021-04-13 00:00:00,16.65
2021-04-14 00:00:00,16.99
2021-04-15 00:00:00,16.57
2021-04-16 00:00:00,16.25
2021-04-19 00:00:00,17.29
2021-04-20 00:00:00,18.68
2021-04-21 00:00:00,17.5
2021-04-22 00:00:00,18.71
2021-04-23 00:00:00,17.33
2021-04-26 00:00:00,17.64
2021-04-27 00:00:00,17.56
2021-04-28 00:00:00,17.28
2021-04-29 00:00:00,17.61
2021-04-30 00:00:00,18.61
2021-05-03 00:00:00,18.31
2021-05-04 00:00:00,19.48
2021-05-05 00:00:00,19.15
2021-05-06 00:00:00,18.39
2021-05-07 00:00:00,16.69
2021-05-10 00:00:00,19.66
2021-05-11 00:00:00,21.84
2021-05-12 00:00:00,27.59
2021-05-13 00:00:00,23.13
2021-05-14 00:00:00,18.81
2021-05-17 00:00:00,19.72
2021-05-18 00:00:00,21.34
2021-05-19 00:00:00,22.18
2021-05-20 00:00:00,20.67
2021-05-21 00:00:00,20.15
2021-05-24 00:00:00,18.4
2021-05-25 00:00:00,18.84
2021-05-26 00:00:00,17.36
2021-05-27 00:00:00,16.74
2021-05-28 00:00:00,16.76
2021-05-31 00:00:00,16.76
2021-06-01 00:00:00,17.9
2021-06-02 00:00:00,17.48
2021-06-03 00:00:00,18.04
2021-06-04 00:00:00,16.42
2021-06-07 00:00:00,16.42
2021-06-08 00:00:00,17.07
2021-06-09 00:00:00,17.89
2021-06-10 00:00:00,16.1
2021-06-11 00:00:00,15.65
2021-06-14 00:00:00,16.39
2021-06-15 00:00:00,17.02
2021-06-16 00:00:00,18.15
2021-06-17 00:00:00,17.75
2021-06-18 00:00:00,20.7
2021-06-21 00:00:00,17.89
2021-06-22 00:00:00,16.66
2021-06-23 00:00:00,16.32
2021-06-24 00:00:00,15.97
2021-06-25 00:00:00,15.62
2021-06-28 00:00:00,15.76
2021-06-29 00:00:00,16.02
2021-06-30 00:00:00,15.83
2021-07-01 00:00:00,15.48
2021-07-02 00:00:00,15.07
2021-07-05 00:00:00,15.07
2021-07-06 00:00:00,16.44
2021-07-07 00:00:00,16.2
2021-07-08 00:00:00,19.0
2021-07-09 00:00:00,16.18
2021-07-12 00:00:00,16.17
2021-07-13 00:00:00,17.12
2021-07-14 00:00:00,16.33
2021-07-15 00:00:00,17.01
2021-07-16 00:00:00,18.45
2021-07-19 00:00:00,22.5
2021-07-20 00:00:00,19.73
2021-07-21 00:00:00,17.91
2021-07-22 00:00:00,17.69
2021-07-23 00:00:00,17.2
2021-07-26 00:00:00,17.58
2021-07-27 00:00:00,19.36
2021-07-28 00:00:00,18.31
2021-07-29 00:00:00,17.7
2021-07-30 00:00:00,18.24
2021-08-02 00:00:00,19.46
2021-08-03 00:00:00,18.04
2021-08-04 00:00:00,17.97
2021-08-05 00:00:00,17.28
2021-08-06 00:00:00,16.15
2021-08-09 00:00:00,16.72
2021-08-10 00:00:00,16.79
2021-08-11 00:00:00,16.06
2021-08-12 00:00:00,15.59
2021-08-13 00:00:00,15.45
2021-08-16 00:00:00,16.12
2021-08-17 00:00:00,17.91
2021-08-18 00:00:00,21.57
2021-08-19 00:00:00,21.67
2021-08-20 00:00:00,18.56
2021-08-23 00:00:00,17.15
2021-08-24 00:00:00,17.22
2021-08-25 00:00:00,16.79
2021-08-26 00:00:00,18.84
2021-08-27 00:00:00,16.39
2021-08-30 00:00:00,16.19
2021-08-31 00:00:00,16.48
2021-09-01 00:00:00,16.11
2021-09-02 00:00:00,16.41
2021-09-03 00:00:00,16.41
2021-09-06 00:00:00,16.41
2021-09-07 00:00:00,18.14
2021-09-08 00:00:00,17.96
2021-09-09 00:00:00,18.8
2021-09-10 00:00:00,20.95
2021-09-13 00:00:00,19.37
2021-09-14 00:00:00,19.46
2021-09-15 00:00:00,18.18
2021-09-16 00:00:00,18.69
2021-09-17 00:00:00,20.81
2021-09-20 00:00:00,25.71
2021-09-21 00:00:00,24.36
2021-09-22 00:00:00,20.87
2021-09-23 00:00:00,18.63
2021-09-24 00:00:00,17.75
2021-09-27 00:00:00,18.76
2021-09-28 00:00:00,23.25
2021-09-29 00:00:00,22.56
2021-09-30 00:00:00,23.14
2021-10-01 00:00:00,21.15
2021-10-04 00:00:00,22.96
2021-10-05 00:00:00,21.3
2021-10-06 00:00:00,21.0
2021-10-07 00:00:00,19.54
2021-10-08 00:00:00,18.77
2021-10-11 00:00:00,20.0
2021-10-12 00:00:00,19.85
2021-10-13 00:00:00,18.64
2021-10-14 00:00:00,16.86
2021-10-15 00:00:00,16.3
2021-10-18 00:00:00,16.31
2021-10-19 00:00:00,15.7
2021-10-20 00:00:00,15.49
2021-10-21 00:00:00,15.01
2021-10-22 00:00:00,15.43
2021-10-25 00:00:00,15.24
2021-10-26 00:00:00,15.98
2021-10-27 00:00:00,16.98
2021-10-28 00:00:00,16.53
2021-10-29 00:00:00,16.26
2021-11-01 00:00:00,16.41
2021-11-02 00:00:00,16.03
2021-11-03 00:00:00,15.1
2021-11-04 00:00:00,15.44
2021-11-05 00:00:00,16.48
2021-11-08 00:00:00,17.22
2021-11-09 00:00:00,17.78
2021-11-10 00:00:00,18.73
2021-11-11 00:00:00,17.66
2021-11-12 00:00:00,16.29
2021-11-15 00:00:00,16.49
2021-11-16 00:00:00,16.37
2021-11-17 00:00:00,17.11
2021-11-18 00:00:00,17.59
2021-11-19 00:00:00,17.91
2021-11-22 00:00:00,19.17
2021-11-23 00:00:00,19.38
2021-11-24 00:00:00,18.58
2021-11-25 00:00:00,18.58
2021-11-26 00:00:00,28.62
2021-11-29 00:00:00,22.96
2021-11-30 00:00:00,27.19
2021-12-01 00:00:00,31.12
2021-12-02 00:00:00,27.95
2021-12-03 00:00:00,30.67
2021-12-06 00:00:00,27.18
2021-12-07 00:00:00,21.89
2021-12-08 00:00:00,19.9
2021-12-09 00:00:00,21.58
2021-12-10 00:00:00,18.69
2021-12-13 00:00:00,20.31
2021-12-14 00:00:00,21.89
2021-12-15 00:00:00,19.29
2021-12-16 00:00:00,20.57
2021-12-17 00:00:00,21.57
2021-12-20 00:00:00,22.87
2021-12-21 00:00:00,21.01
2021-12-22 00:00:00,18.63
2021-12-23 00:00:00,17.96
2021-12-24 00:00:00,17.96
2021-12-27 00:00:00,17.68
2021-12-28 00:00:00,17.54
2021-12-29 00:00:00,16.95
2021-12-30 00:00:00,17.33
2021-12-31 00:00:00,17.22
2022-01-03 00:00:00,16.6
2022-01-04 00:00:00,16.91
2022-01-05 00:00:00,19.73
2022-01-06 00:00:00,19.61
2022-01-07 00:00:00,18.76
2022-01-10 00:00:00,19.4
2022-01-11 00:00:00,18.41
2022-01-12 00:00:00,17.62
2022-01-13 00:00:00,20.31
2022-01-14 00:00:00,19.19
2022-01-17 00:00:00,19.19
2022-01-18 00:00:00,22.79
2022-01-19 00:00:00,23.85
2022-01-20 00:00:00,25.59
2022-01-21 00:00:00,28.85
2022-01-24 00:00:00,29.9
2022-01-25 00:00:00,31.16
2022-01-26 00:00:00,31.96
2022-01-27 00:00:00,30.49
2022-01-28 00:00:00,27.66
2022-01-31 00:00:00,24.83
2022-02-01 00:00:00,21.96
2022-02-02 00:00:00,22.09
2022-02-03 00:00:00,24.35
2022-02-04 00:00:00,23.22
2022-02-07 00:00:00,22.86
2022-02-08 00:00:00,21.44
2022-02-09 00:00:00,19.96
2022-02-10 00:00:00,23.91
2022-02-11 00:00:00,27.36
2022-02-14 00:00:00,28.33
2022-02-15 00:00:00,25.7
2022-02-16 00:00:00,24.29
2022-02-17 00:00:00,28.11
2022-02-18 00:00:00,27.75
2022-02-21 00:00:00,27.75
2022-02-22 00:00:00,28.81
2022-02-23 00:00:00,31.02
2022-02-24 00:00:00,30.32
2022-02-25 00:00:00,27.59
2022-02-28 00:00:00,30.15
2022-03-01 00:00:00,33.32
2022-03-02 00:00:00,30.74
2022-03-03 00:00:00,30.48
2022-03-04 00:00:00,31.98
2022-03-07 00:00:00,36.45
2022-03-08 00:00:00,35.13
2022-03-09 00:00:00,32.45
2022-03-10 00:00:00,30.23
2022-03-11 00:00:00,30.75
2022-03-14 00:00:00,31.77
2022-03-15 00:00:00,29.83
2022-03-16 00:00:00,26.67
2022-03-17 00:00:00,25.67
2022-03-18 00:00:00,23.87
2022-03-21 00:00:00,23.53
2022-03-22 00:00:00,22.94
2022-03-23 00:00:00,23.57
2022-03-24 00:00:00,21.67
2022-03-25 00:00:00,20.81
2022-03-28 00:00:00,19.63
2022-03-29 00:00:00,18.9
2022-03-30 00:00:00,19.33
2022-03-31 00:00:00,20.56
2022-04-01 00:00:00,19.63
2022-04-04 00:00:00,18.57
2022-04-05 00:00:00,21.03
2022-04-06 00:00:00,22.1
2022-04-07 00:00:00,21.55
2022-04-08 00:00:00,21.16
2022-04-11 00:00:00,24.37
2022-04-12 00:00:00,24.26
2022-04-13 00:00:00,21.82
2022-04-14 00:00:00,22.7
2022-04-15 00:00:00,22.7
2022-04-18 00:00:00,22.17
2022-04-19 00:00:00,21.37
2022-04-20 00:00:00,20.32
2022-04-21 00:00:00,22.68
2022-04-22 00:00:00,28.21
2022-04-25 00:00:00,27.02
2022-04-26 00:00:00,33.52
2022-04-27 00:00:00,31.6
2022-04-28 00:00:00,29.99
2022-04-29 00:00:00,33.4
2022-05-02 00:00:00,32.34
2022-05-03 00:00:00,29.25
2022-05-04 00:00:00,25.42
2022-05-05 00:00:00,31.2
2022-05-06 00:00:00,30.19
2022-05-09 00:00:00,34.75
2022-05-10 00:00:00,32.99
2022-05-11 00:00:00,32.56
2022-05-12 00:00:00,31.77
2022-05-13 00:00:00,28.87
2022-05-16 00:00:00,27.47
2022-05-17 00:00:00,26.1
2022-05-18 00:00:00,30.96
2022-05-19 00:00:00,29.35
2022-05-20 00:00:00,29.43
2022-05-23 00:00:00,28.48
2022-05-24 00:00:00,29.45
2022-05-25 00:00:00,28.37
2022-05-26 00:00:00,27.5
2022-05-27 00:00:00,25.72
2022-05-30 00:00:00,26.54
2022-05-31 00:00:00,26.19
2022-06-01 00:00:00,25.69
2022-06-02 00:00:00,24.72
2022-06-03 00:00:00,24.79
2022-06-06 00:00:00,25.07
2022-06-07 00:00:00,24.02
2022-06-08 00:00:00,23.96
2022-06-09 00:00:00,26.09
2022-06-10 00:00:00,27.75
2022-06-13 00:00:00,34.02
2022-06-14 00:00:00,32.69
2022-06-15 00:00:00,29.62
2022-06-16 00:00:00,32.95
2022-06-17 00:00:00,31.13
2022-06-20 00:00:00,31.03
2022-06-21 00:00:00,30.19
2022-06-22 00:00:00,28.95
2022-06-23 00:00:00,29.05
2022-06-24 00:00:00,27.23
2022-06-27 00:00:00,26.95
2022-06-28 00:00:00,28.36
2022-06-29 00:00:00,28.16
2022-06-30 00:00:00,28.71
2022-07-01 00:00:00,26.7
2022-07-04 00:00:00,27.53
2022-07-05 00:00:00,27.54
2022-07-06 00:00:00,26.73
2022-07-07 00:00:00,26.08
2022-07-08 00:00:00,24.64
2022-07-11 00:00:00,26.17
2022-07-12 00:00:00,27.29
2022-07-13 00:00:00,26.82
2022-07-14 00:00:00,26.4
2022-07-15 00:00:00,24.23
2022-07-18 00:00:00,25.3
2022-07-19 00:00:00,24.5
2022-07-20 00:00:00,23.88
2022-07-21 00:00:00,23.11
2022-07-22 00:00:00,23.03
2022-07-25 00:00:00,23.36
2022-07-26 00:00:00,24.69
2022-07-27 00:00:00,23.24
2022-07-28 00:00:00,22.33
2022-07-29 00:00:00,21.33
2022-08-01 00:00:00,22.84
2022-08-02 00:00:00,23.93
2022-08-03 00:00:00,21.95
2022-08-04 00:00:00,21.44
2022-08-05 00:00:00,21.15
2022-08-08 00:00:00,21.29
2022-08-09 00:00:00,21.77
2022-08-10 00:00:00,19.74
2022-08-11 00:00:00,20.2
2022-08-12 00:00:00,19.53
2022-08-15 00:00:00,19.95
2022-08-16 00:00:00,19.69
2022-08-17 00:00:00,19.9
2022-08-18 00:00:00,19.56
2022-08-19 00:00:00,20.6
2022-08-22 00:00:00,23.8
2022-08-23 00:00:00,24.11
2022-08-24 00:00:00,22.82
2022-08-25 00:00:00,21.78
2022-08-26 00:00:00,25.56
2022-08-29 00:00:00,26.21
2022-08-30 00:00:00,26.21
2022-08-31 00:00:00,25.87
2022-09-01 00:00:00,25.56
2022-09-02 00:00:00,25.47
2022-09-05 00:00:00,25.99
2022-09-06 00:00:00,26.91
2022-09-07 00:00:00,24.64
2022-09-08 00:00:00,23.61
2022-09-09 00:00:00,22.79
2022-09-12 00:00:00,23.87
2022-09-13 00:00:00,27.27
2022-09-14 00:00:00,26.16
2022-09-15 00:00:00,26.27
2022-09-16 00:00:00,26.3
2022-09-19 00:00:00,25.76
2022-09-20 00:00:00,27.16
2022-09-21 00:00:00,27.99
2022-09-22 00:00:00,27.35
2022-09-23 00:00:00,29.92
2022-09-26 00:00:00,32.26
2022-09-27 00:00:00,32.6
2022-09-28 00:00:00,30.18
2022-09-29 00:00:00,31.84
2022-09-30 00:00:00,31.62
2022-10-03 00:00:00,30.1
2022-10-04 00:00:00,29.07
2022-10-05 00:00:00,28.55
2022-10-06 00:00:00,30.52
2022-10-07 00:00:00,31.36
2022-10-10 00:00:00,32.45
2022-10-11 00:00:00,33.63
2022-10-12 00:00:00,33.57
2022-10-13 00:00:00,31.94
2022-10-14 00:00:00,32.02
2022-10-17 00:00:00,31.37
2022-10-18 00:00:00,30.5
2022-10-19 00:00:00,30.76
2022-10-20 00:00:00,29.98
2022-10-21 00:00:00,29.69
2022-10-24 00:00:00,29.85
2022-10-25 00:00:00,28.46
2022-10-26 00:00:00,27.28
2022-10-27 00:00:00,27.39
2022-10-28 00:00:00,25.75
2022-10-31 00:00:00,25.88
2022-11-01 00:00:00,25.81
2022-11-02 00:00:00,25.86
2022-11-03 00:00:00,25.3
2022-11-04 00:00:00,24.55
2022-11-07 00:00:00,24.35
2022-11-08 00:00:00,25.54
2022-11-09 00:00:00,26.09
2022-11-10 00:00:00,23.53
2022-11-11 00:00:00,22.52
2022-11-14 00:00:00,23.73
2022-11-15 00:00:00,24.54
2022-11-16 00:00:00,24.11
2022-11-17 00:00:00,23.93
2022-11-18 00:00:00,23.12
2022-11-21 00:00:00,22.36
2022-11-22 00:00:00,21.29
2022-11-23 00:00:00,20.35
2022-11-24 00:00:00,20.42
2022-11-25 00:00:00,20.5
2022-11-28 00:00:00,22.21
2022-11-29 00:00:00,21.89
2022-11-30 00:00:00,20.58
2022-12-01 00:00:00,19.84
2022-12-02 00:00:00,19.06
2022-12-05 00:00:00,20.75
2022-12-06 00:00:00,22.17
2022-12-07 00:00:00,22.68
2022-12-08 00:00:00,22.29
2022-12-09 00:00:00,22.83
2022-12-12 00:00:00,25.0
2022-12-13 00:00:00,22.55
2022-12-14 00:00:00,21.14
2022-12-15 00:00:00,22.83
2022-12-16 00:00:00,22.62
2022-12-19 00:00:00,22.42
2022-12-20 00:00:00,21.48
2022-12-21 00:00:00,20.07
2022-12-22 00:00:00,21.97
2022-12-23 00:00:00,20.87
2022-12-26 00:00:00,20.87
2022-12-27 00:00:00,21.65
2022-12-28 00:00:00,22.14
2022-12-29 00:00:00,21.44
2022-12-30 00:00:00,21.67
2023-01-02 00:00:00,21.67
2023-01-03 00:00:00,22.9
2023-01-04 00:00:00,22.01
2023-01-05 00:00:00,22.46
2023-01-06 00:00:00,21.13
2023-01-09 00:00:00,21.97
2023-01-10 00:00:00,20.58
2023-01-11 00:00:00,21.09
2023-01-12 00:00:00,18.83
2023-01-13 00:00:00,18.35
2023-01-16 00:00:00,19.49
2023-01-17 00:00:00,19.36
2023-01-18 00:00:00,20.34
2023-01-19 00:00:00,20.52
2023-01-20 00:00:00,19.85
2023-01-23 00:00:00,19.81
2023-01-24 00:00:00,19.2
2023-01-25 00:00:00,19.08
2023-01-26 00:00:00,18.73
2023-01-27 00:00:00,18.51
2023-01-30 00:00:00,19.94
2023-01-31 00:00:00,19.4
2023-02-01 00:00:00,17.87
2023-02-02 00:00:00,18.73
2023-02-03 00:00:00,18.33
2023-02-06 00:00:00,19.43
2023-02-07 00:00:00,18.66
2023-02-08 00:00:00,19.63
2023-02-09 00:00:00,20.71
2023-02-10 00:00:00,20.53
2023-02-13 00:00:00,20.34
2023-02-14 00:00:00,18.91
2023-02-15 00:00:00,18.23
2023-02-16 00:00:00,20.17
2023-02-17 00:00:00,20.02
2023-02-20 00:00:00,21.23
2023-02-21 00:00:00,22.87
2023-02-22 00:00:00,22.29
2023-02-23 00:00:00,21.14
2023-02-24 00:00:00,21.67
2023-02-27 00:00:00,20.95
2023-02-28 00:00:00,20.7
2023-03-01 00:00:00,20.58
2023-03-02 00:00:00,19.59
2023-03-03 00:00:00,18.49
2023-03-06 00:00:00,18.61
2023-03-07 00:00:00,19.59
2023-03-08 00:00:00,19.11
2023-03-09 00:00:00,22.61
2023-03-10 00:00:00,24.8
2023-03-13 00:00:00,26.52
2023-03-14 00:00:00,23.73
2023-03-15 00:00:00,26.14
2023-03-16 00:00:00,22.99
2023-03-17 00:00:00,25.51
2023-03-20 00:00:00,24.15
2023-03-21 00:00:00,21.38
2023-03-22 00:00:00,22.26
2023-03-23 00:00:00,22.61
2023-03-24 00:00:00,21.74
2023-03-27 00:00:00,20.6
2023-03-28 00:00:00,19.97
2023-03-29 00:00:00,19.12
2023-03-30 00:00:00,19.02
2023-03-31 00:00:00,18.7
2023-04-03 00:00:00,18.55
2023-04-04 00:00:00,19.0
2023-04-05 00:00:00,19.08
2023-04-06 00:00:00,18.4
2023-04-07 00:00:00,18.4
2023-04-10 00:00:00,18.97
2023-04-11 00:00:00,19.1
2023-04-12 00:00:00,19.09
2023-04-13 00:00:00,17.8
2023-04-14 00:00:00,17.07
2023-04-17 00:00:00,16.95
2023-04-18 00:00:00,16.83
2023-04-19 00:00:00,16.46
2023-04-20 00:00:00,17.17
2023-04-21 00:00:00,16.77
2023-04-24 00:00:00,16.89
2023-04-25 00:00:00,18.76
2023-04-26 00:00:00,18.84
2023-04-27 00:00:00,17.03
2023-04-28 00:00:00,15.78
2023-05-01 00:00:00,16.08
2023-05-02 00:00:00,17.78
2023-05-03 00:00:00,18.34
2023-05-04 00:00:00,20.09
2023-05-05 00:00:00,17.19
2023-05-08 00:00:00,16.98
2023-05-09 00:00:00,17.71
2023-05-10 00:00:00,16.94
2023-05-11 00:00:00,16.93
2023-05-12 00:00:00,17.03
2023-05-15 00:00:00,17.12
2023-05-16 00:00:00,17.99
2023-05-17 00:00:00,16.87
2023-05-18 00:00:00,16.05
2023-05-19 00:00:00,16.81
2023-05-22 00:00:00,17.21
2023-05-23 00:00:00,18.53
2023-05-24 00:00:00,20.03
2023-05-25 00:00:00,19.14
2023-05-26 00:00:00,17.95
2023-05-29 00:00:00,17.46
2023-05-30 00:00:00,17.46
2023-05-31 00:00:00,17.94
2023-06-01 00:00:00,15.65
2023-06-02 00:00:00,14.6
2023-06-05 00:00:00,14.73
2023-06-06 00:00:00,13.96
2023-06-07 00:00:00,13.94
2023-06-08 00:00:00,13.65
2023-06-09 00:00:00,13.83
2023-06-12 00:00:00,15.01
2023-06-13 00:00:00,14.61
2023-06-14 00:00:00,13.88
2023-06-15 00:00:00,14.5
2023-06-16 00:00:00,13.54
2023-06-19 00:00:00,14.19
2023-06-20 00:00:00,13.88
2023-06-21 00:00:00,13.2
2023-06-22 00:00:00,12.91
2023-06-23 00:00:00,13.44
2023-06-26 00:00:00,14.25
2023-06-27 00:00:00,13.74
2023-06-28 00:00:00,13.43
2023-06-29 00:00:00,13.54
2023-06-30 00:00:00,13.59
2023-07-03 00:00:00,13.57
2023-07-04 00:00:00,13.7
2023-07-05 00:00:00,14.18
2023-07-06 00:00:00,15.44
2023-07-07 00:00:00,14.83
2023-07-10 00:00:00,15.07
2023-07-11 00:00:00,14.84
2023-07-12 00:00:00,13.54
2023-07-13 00:00:00,13.61
2023-07-14 00:00:00,13.34
2023-07-17 00:00:00,13.48
2023-07-18 00:00:00,13.3
2023-07-19 00:00:00,13.76
2023-07-20 00:00:00,13.99
2023-07-21 00:00:00,13.6
2023-07-24 00:00:00,13.91
2023-07-25 00:00:00,13.86
2023-07-26 00:00:00,13.19
2023-07-27 00:00:00,14.41
2023-07-28 00:00:00,13.33
2023-07-31 00:00:00,13.63
2023-08-01 00:00:00,13.93
2023-08-02 00:00:00,16.09
2023-08-03 00:00:00,15.92
2023-08-04 00:00:00,17.1
2023-08-07 00:00:00,15.77
2023-08-08 00:00:00,15.99
2023-08-09 00:00:00,15.96
2023-08-10 00:00:00,15.85
2023-08-11 00:00:00,14.84
2023-08-14 00:00:00,14.82
2023-08-15 00:00:00,16.46
2023-08-16 00:00:00,16.78
2023-08-17 00:00:00,17.89
2023-08-18 00:00:00,17.3
2023-08-21 00:00:00,17.13
2023-08-22 00:00:00,16.97
2023-08-23 00:00:00,15.98
2023-08-24 00:00:00,17.2
2023-08-25 00:00:00,15.68
2023-08-28 00:00:00,15.08
2023-08-29 00:00:00,14.45
2023-08-30 00:00:00,13.88
2023-08-31 00:00:00,13.57
2023-09-01 00:00:00,13.09
2023-09-04 00:00:00,13.82
2023-09-05 00:00:00,14.01
2023-09-06 00:00:00,14.45
2023-09-07 00:00:00,14.4
2023-09-08 00:00:00,13.84
2023-09-11 00:00:00,13.8
2023-09-12 00:00:00,14.23
2023-09-13 00:00:00,13.48
2023-09-14 00:00:00,12.82
2023-09-15 00:00:00,13.79
2023-09-18 00:00:00,14.0
2023-09-19 00:00:00,14.11
2023-09-20 00:00:00,15.14
2023-09-21 00:00:00,17.54
2023-09-22 00:00:00,17.2
2023-09-25 00:00:00,16.9
2023-09-26 00:00:00,18.94
2023-09-27 00:00:00,18.22
2023-09-28 00:00:00,17.34
2023-09-29 00:00:00,17.52
2023-10-02 00:00:00,17.61
2023-10-03 00:00:00,19.78
2023-10-04 00:00:00,18.58
2023-10-05 00:00:00,18.49
2023-10-06 00:00:00,17.45
2023-10-09 00:00:00,17.7
2023-10-10 00:00:00,17.03
2023-10-11 00:00:00,16.09
2023-10-12 00:00:00,16.69
2023-10-13 00:00:00,19.32
2023-10-16 00:00:00,17.21
2023-10-17 00:00:00,17.88
2023-10-18 00:00:00,19.22
2023-10-19 00:00:00,21.4
2023-10-20 00:00:00,21.71
2023-10-23 00:00:00,20.37
2023-10-24 00:00:00,18.97
2023-10-25 00:00:00,20.19
2023-10-26 00:00:00,20.68
2023-10-27 00:00:00,21.27
2023-10-30 00:00:00,19.75
2023-10-31 00:00:00,18.14
2023-11-01 00:00:00,16.87
2023-11-02 00:00:00,15.66
2023-11-03 00:00:00,14.91
2023-11-06 00:00:00,14.89
2023-11-07 00:00:00,14.81
2023-11-08 00:00:00,14.45
2023-11-09 00:00:00,15.29
2023-11-10 00:00:00,14.17
2023-11-13 00:00:00,14.76
2023-11-14 00:00:00,14.16
2023-11-15 00:00:00,14.18
2023-11-16 00:00:00,14.32
2023-11-17 00:00:00,13.8
2023-11-20 00:00:00,13.41
2023-11-21 00:00:00,13.35
2023-11-22 00:00:00,12.85
2023-11-23 00:00:00,12.8
2023-11-24 00:00:00,12.46
2023-11-27 00:00:00,12.69
2023-11-28 00:00:00,12.69
2023-11-29 00:00:00,12.98
2023-11-30 00:00:00,12.92
2023-12-01 00:00:00,12.63
2023-12-04 00:00:00,13.08
2023-12-05 00:00:00,12.85
2023-12-06 00:00:00,12.97
2023-12-07 00:00:00,13.06
2023-12-08 00:00:00,12.35
2023-12-11 00:00:00,12.63
2023-12-12 00:00:00,12.07
2023-12-13 00:00:00,12.19
2023-12-14 00:00:00,12.48
2023-12-15 00:00:00,12.28
2023-12-18 00:00:00,12.56
2023-12-19 00:00:00,12.53
2023-12-20 00:00:00,13.67
2023-12-21 00:00:00,13.65
2023-12-22 00:00:00,13.03
2023-12-25 00:00:00,13.03
2023-12-26 00:00:00,12.99
2023-12-27 00:00:00,12.43
2023-12-28 00:00:00,12.47
2023-12-29 00:00:00,12.45
2024-01-01 00:00:00,12.45
2024-01-02 00:00:00,13.2
2024-01-03 00:00:00,14.04
2024-01-04 00:00:00,14.13
2024-01-05 00:00:00,13.35
2024-01-08 00:00:00,13.08
2024-01-09 00:00:00,12.76
2024-01-10 00:00:00,12.69
2024-01-11 00:00:00,12.44
2024-01-12 00:00:00,12.7
2024-01-15 00:00:00,13.25
2024-01-16 00:00:00,13.84
2024-01-17 00:00:00,14.79
2024-01-18 00:00:00,14.13
2024-01-19 00:00:00,13.3
2024-01-22 00:00:00,13.19
2024-01-23 00:00:00,12.55
2024-01-24 00:00:00,13.14
2024-01-25 00:00:00,13.45
2024-01-26 00:00:00,13.26
2024-01-29 00:00:00,13.6
2024-01-30 00:00:00,13.31
2024-01-31 00:00:00,14.35
2024-02-01 00:00:00,13.88
2024-02-02 00:00:00,13.85
2024-02-05 00:00:00,13.67
2024-02-06 00:00:00,13.06
2024-02-07 00:00:00,12.83
2024-02-08 00:00:00,12.79
2024-02-09 00:00:00,12.93
2024-02-12 00:00:00,13.93
2024-02-13 00:00:00,15.85
2024-02-14 00:00:00,14.38
2024-02-15 00:00:00,14.01
2024-02-16 00:00:00,14.24
2024-02-19 00:00:00,14.71
2024-02-20 00:00:00,15.42
2024-02-21 00:00:00,15.34
2024-02-22 00:00:00,14.54
2024-02-23 00:00:00,13.75
2024-02-26 00:00:00,13.74
2024-02-27 00:00:00,13.43
2024-02-28 00:00:00,13.84
2024-02-29 00:00:00,13.4
2024-03-01 00:00:00,13.11
2024-03-04 00:00:00,13.49
2024-03-05 00:00:00,14.46
2024-03-06 00:00:00,14.5
2024-03-07 00:00:00,14.44
2024-03-08 00:00:00,14.74
2024-03-11 00:00:00,15.22
2024-03-12 00:00:00,13.84
2024-03-13 00:00:00,13.75
2024-03-14 00:00:00,14.4
2024-03-15 00:00:00,14.41
2024-03-18 00:00:00,14.33
2024-03-19 00:00:00,13.82
2024-03-20 00:00:00,13.04
2024-03-21 00:00:00,12.92
2024-03-22 00:00:00,13.06
2024-03-25 00:00:00,13.19
2024-03-26 00:00:00,13.24
2024-03-27 00:00:00,12.78
2024-03-28 00:00:00,13.01
2024-03-29 00:00:00,13.01
2024-04-01 00:00:00,13.65
2024-04-02 00:00:00,14.61
2024-04-03 00:00:00,14.33
2024-04-04 00:00:00,16.35
2024-04-05 00:00:00,16.03
2024-04-08 00:00:00,15.19
2024-04-09 00:00:00,14.98
2024-04-10 00:00:00,15.8
2024-04-11 00:00:00,14.91
2024-04-12 00:00:00,17.31
2024-04-15 00:00:00,19.23
2024-04-16 00:00:00,18.4
2024-04-17 00:00:00,18.21
2024-04-18 00:00:00,18.0
2024-04-19 00:00:00,18.71
2024-04-22 00:00:00,16.94
2024-04-23 00:00:00,15.69
2024-04-24 00:00:00,15.97
2024-04-25 00:00:00,15.37
2024-04-26 00:00:00,15.03
2024-04-29 00:00:00,14.67
2024-04-30 00:00:00,15.65
2024-05-01 00:00:00,15.39
2024-05-02 00:00:00,14.68
2024-05-03 00:00:00,13.49
2024-05-06 00:00:00,13.49
2024-05-07 00:00:00,13.23
2024-05-08 00:00:00,13.0
2024-05-09 00:00:00,12.69
2024-05-10 00:00:00,12.55
2024-05-13 00:00:00,13.6
2024-05-14 00:00:00,13.42
2024-05-15 00:00:00,12.45
2024-05-16 00:00:00,12.42
2024-05-17 00:00:00,11.99
2024-05-20 00:00:00,12.15
2024-05-21 00:00:00,11.86
2024-05-22 00:00:00,12.29
2024-05-23 00:00:00,12.77
2024-05-24 00:00:00,11.93
2024-05-27 00:00:00,12.36
2024-05-28 00:00:00,12.92
2024-05-29 00:00:00,14.28
2024-05-30 00:00:00,14.47
2024-05-31 00:00:00,12.92
2024-06-03 00:00:00,13.11
2024-06-04 00:00:00,13.16
2024-06-05 00:00:00,12.63
2024-06-06 00:00:00,12.58
2024-06-07 00:00:00,12.22
2024-06-10 00:00:00,12.74
2024-06-11 00:00:00,12.85
2024-06-12 00:00:00,12.04
2024-06-13 00:00:00,11.94
2024-06-14 00:00:00,12.66
2024-06-17 00:00:00,12.75
2024-06-18 00:00:00,12.3
2024-06-19 00:00:00,12.48
2024-06-20 00:00:00,13.28
2024-06-21 00:00:00,13.2
2024-06-24 00:00:00,13.33
2024-06-25 00:00:00,12.84
2024-06-26 00:00:00,12.55
2024-06-27 00:00:00,12.24
2024-06-28 00:00:00,12.44
2024-07-01 00:00:00,12.22
2024-07-02 00:00:00,12.03
2024-07-03 00:00:00,12.09
2024-07-04 00:00:00,12.26
2024-07-05 00:00:00,12.48
2024-07-08 00:00:00,12.37
2024-07-09 00:00:00,12.51
2024-07-10 00:00:00,12.85
2024-07-11 00:00:00,12.92
2024-07-12 00:00:00,12.46
2024-07-15 00:00:00,13.12
2024-07-16 00:00:00,13.19
2024-07-17 00:00:00,14.48
2024-07-18 00:00:00,15.93
2024-07-19 00:00:00,16.52
2024-07-22 00:00:00,14.91
2024-07-23 00:00:00,14.72
2024-07-24 00:00:00,18.04
2024-07-25 00:00:00,18.46
2024-07-26 00:00:00,16.39
2024-07-29 00:00:00,16.6
2024-07-30 00:00:00,17.69
2024-07-31 00:00:00,16.36
2024-08-01 00:00:00,18.59
2024-08-02 00:00:00,23.39
2024-08-05 00:00:00,38.57
2024-08-06 00:00:00,27.71
2024-08-07 00:00:00,27.85
2024-08-08 00:00:00,23.79
2024-08-09 00:00:00,20.37
2024-08-12 00:00:00,20.71
2024-08-13 00:00:00,18.12
2024-08-14 00:00:00,16.19
2024-08-15 00:00:00,15.23
2024-08-16 00:00:00,14.8
2024-08-19 00:00:00,14.65
2024-08-20 00:00:00,15.88
2024-08-21 00:00:00,16.27
2024-08-22 00:00:00,17.55
2024-08-23 00:00:00,15.86
2024-08-26 00:00:00,16.15
2024-08-27 00:00:00,15.43
2024-08-28 00:00:00,17.11
2024-08-29 00:00:00,15.65
2024-08-30 00:00:00,15.0
2024-09-02 00:00:00,15.55
2024-09-03 00:00:00,20.72
2024-09-04 00:00:00,21.32
2024-09-05 00:00:00,19.9
2024-09-06 00:00:00,22.38
2024-09-09 00:00:00,19.45
2024-09-10 00:00:00,19.08
2024-09-11 00:00:00,17.69
2024-09-12 00:00:00,17.07
2024-09-13 00:00:00,16.56
2024-09-16 00:00:00,17.14
2024-09-17 00:00:00,17.61
2024-09-18 00:00:00,18.23
2024-09-19 00:00:00,16.33
2024-09-20 00:00:00,16.15
2024-09-23 00:00:00,15.89
2024-09-24 00:00:00,15.39
2024-09-25 00:00:00,15.41
2024-09-26 00:00:00,15.37
2024-09-27 00:00:00,16.96
2024-09-30 00:00:00,16.73
2024-10-01 00:00:00,19.26
2024-10-02 00:00:00,18.9
2024-10-03 00:00:00,20.49
2024-10-04 00:00:00,19.21
2024-10-07 00:00:00,22.64
2024-10-08 00:00:00,21.42
2024-10-09 00:00:00,20.86
2024-10-10 00:00:00,20.93
2024-10-11 00:00:00,20.46
2024-10-14 00:00:00,19.7
2024-10-15 00:00:00,20.64
2024-10-16 00:00:00,19.58
2024-10-17 00:00:00,19.11
2024-10-18 00:00:00,18.03
2024-10-21 00:00:00,18.37
2024-10-22 00:00:00,18.2
2024-10-23 00:00:00,19.24
2024-10-24 00:00:00,19.08
2024-10-25 00:00:00,20.33
2024-10-28 00:00:00,19.8
2024-10-29 00:00:00,19.34
2024-10-30 00:00:00,20.35
2024-10-31 00:00:00,23.16
2024-11-01 00:00:00,21.88
2024-11-04 00:00:00,21.98
2024-11-05 00:00:00,20.49
2024-11-06 00:00:00,16.27
2024-11-07 00:00:00,15.2
2024-11-08 00:00:00,14.94
2024-11-11 00:00:00,14.97
2024-11-12 00:00:00,14.71
2024-11-13 00:00:00,14.02
2024-11-14 00:00:00,14.31
2024-11-15 00:00:00,16.14
2024-11-18 00:00:00,15.58
2024-11-19 00:00:00,16.35
2024-11-20 00:00:00,17.16
2024-11-21 00:00:00,16.87
2024-11-22 00:00:00,15.24
2024-11-25 00:00:00,14.6
2024-11-26 00:00:00,14.1
2024-11-27 00:00:00,14.1
2024-11-28 00:00:00,13.9
2024-11-29 00:00:00,13.51
2024-12-02 00:00:00,13.34
2024-12-03 00:00:00,13.3
2024-12-04 00:00:00,13.45
2024-12-05 00:00:00,13.54
2024-12-06 00:00:00,12.77
2024-12-09 00:00:00,14.19
2024-12-10 00:00:00,14.18
2024-12-11 00:00:00,13.58
2024-12-12 00:00:00,13.92
2024-12-13 00:00:00,13.81
2024-12-16 00:00:00,14.69
2024-12-17 00:00:00,15.87
2024-12-18 00:00:00,27.62
2024-12-19 00:00:00,24.09
2024-12-20 00:00:00,18.36
2024-12-23 00:00:00,16.78
2024-12-24 00:00:00,14.27
2024-12-25 00:00:00,14.27
2024-12-26 00:00:00,14.73
2024-12-27 00:00:00,15.95
2024-12-30 00:00:00,17.4
2024-12-31 00:00:00,17.35
2025-01-01 00:00:00,17.35
2025-01-02 00:00:00,17.93
2025-01-03 00:00:00,16.13
2025-01-06 00:00:00,16.04
2025-01-07 00:00:00,17.82
2025-01-08 00:00:00,17.7
2025-01-09 00:00:00,18.07
2025-01-10 00:00:00,19.54
2025-01-13 00:00:00,19.19
2025-01-14 00:00:00,18.71
2025-01-15 00:00:00,16.12
2025-01-16 00:00:00,16.6
2025-01-17 00:00:00,15.97
2025-01-20 00:00:00,15.81
2025-01-21 00:00:00,15.06
2025-01-22 00:00:00,15.1
2025-01-23 00:00:00,15.02
2025-01-24 00:00:00,14.85
2025-01-27 00:00:00,17.9
2025-01-28 00:00:00,16.41
2025-01-29 00:00:00,16.56
2025-01-30 00:00:00,15.84
2025-01-31 00:00:00,16.43
2025-02-03 00:00:00,18.62
2025-02-04 00:00:00,17.21
2025-02-05 00:00:00,15.77
2025-02-06 00:00:00,15.5
2025-02-07 00:00:00,16.54
2025-02-10 00:00:00,15.81
2025-02-11 00:00:00,16.02
2025-02-12 00:00:00,15.89
2025-02-13 00:00:00,15.1
2025-02-14 00:00:00,14.77
2025-02-17 00:00:00,15.37
2025-02-18 00:00:00,15.35
2025-02-19 00:00:00,15.27
2025-02-20 00:00:00,15.66
2025-02-21 00:00:00,18.21
2025-02-24 00:00:00,18.98
2025-02-25 00:00:00,19.43
2025-02-26 00:00:00,19.1
2025-02-27 00:00:00,21.13
2025-02-28 00:00:00,19.63
2025-03-03 00:00:00,22.78
2025-03-04 00:00:00,23.51
2025-03-05 00:00:00,21.93
2025-03-06 00:00:00,24.87
2025-03-07 00:00:00,23.37
2025-03-10 00:00:00,27.86
2025-03-11 00:00:00,26.92
2025-03-12 00:00:00,24.23
2025-03-13 00:00:00,24.66
2025-03-14 00:00:00,21.77
2025-03-17 00:00:00,20.51
2025-03-18 00:00:00,21.7
2025-03-19 00:00:00,19.9
2025-03-20 00:00:00,19.8
2025-03-21 00:00:00,19.28
2025-03-24 00:00:00,17.48
2025-03-25 00:00:00,17.15
2025-03-26 00:00:00,18.33
2025-03-27 00:00:00,18.69
2025-03-28 00:00:00,21.65
2025-03-31 00:00:00,22.28
2025-04-01 00:00:00,21.77
2025-04-02 00:00:00,21.51
2025-04-03 00:00:00,30.02
2025-04-04 00:00:00,45.31
2025-04-07 00:00:00,46.98
2025-04-08 00:00:00,52.33
2025-04-09 00:00:00,33.62
2025-04-10 00:00:00,40.72
2025-04-11 00:00:00,37.56
2025-04-14 00:00:00,30.89
2025-04-15 00:00:00,30.12
2025-04-16 00:00:00,32.64
2025-04-17 00:00:00,29.65
2025-04-18 00:00:00,29.65
2025-04-21 00:00:00,33.82
2025-04-22 00:00:00,30.57
2025-04-23 00:00:00,28.45
2025-04-24 00:00:00,26.47
2025-04-25 00:00:00,24.84
2025-04-28 00:00:00,25.15
2025-04-29 00:00:00,24.17
2025-04-30 00:00:00,24.7
2025-05-01 00:00:00,24.6
2025-05-02 00:00:00,22.68
2025-05-05 00:00:00,23.64
2025-05-06 00:00:00,24.76
2025-05-07 00:00:00,23.55
2025-05-08 00:00:00,22.48
2025-05-09 00:00:00,21.9
2025-05-12 00:00:00,18.39
2025-05-13 00:00:00,18.22
2025-05-14 00:00:00,18.62
2025-05-15 00:00:00,17.83
2025-05-16 00:00:00,17.24
2025-05-19 00:00:00,18.14
2025-05-20 00:00:00,18.09
2025-05-21 00:00:00,20.87
2025-05-22 00:00:00,20.28
2025-05-23 00:00:00,22.29
2025-05-26 00:00:00,20.57
2025-05-27 00:00:00,18.96
2025-05-28 00:00:00,19.31
2025-05-29 00:00:00,19.18
2025-05-30 00:00:00,18.57
2025-06-02 00:00:00,18.36
2025-06-03 00:00:00,17.69
2025-06-04 00:00:00,17.61
2025-06-05 00:00:00,18.48
2025-06-06 00:00:00,16.77
2025-06-09 00:00:00,17.16
2025-06-10 00:00:00,16.95
2025-06-11 00:00:00,17.26
2025-06-12 00:00:00,18.02
2025-06-13 00:00:00,20.82
2025-06-16 00:00:00,19.11
2025-06-17 00:00:00,21.6
2025-06-18 00:00:00,20.14
2025-06-19 00:00:00,22.17
2025-06-20 00:00:00,20.62
2025-06-23 00:00:00,19.83
2025-06-24 00:00:00,17.48
2025-06-25 00:00:00,16.76
2025-06-26 00:00:00,16.59
2025-06-27 00:00:00,16.32
2025-06-30 00:00:00,16.73
2025-07-01 00:00:00,16.83
2025-07-02 00:00:00,16.64
2025-07-03 00:00:00,16.38
2025-07-04 00:00:00,17.48
2025-07-07 00:00:00,17.79
2025-07-08 00:00:00,16.81
2025-07-09 00:00:00,15.94
2025-07-10 00:00:00,15.78
2025-07-11 00:00:00,16.4
2025-07-14 00:00:00,17.2
2025-07-15 00:00:00,17.38
2025-07-16 00:00:00,17.16
2025-07-17 00:00:00,16.52
2025-07-18 00:00:00,16.41
2025-07-21 00:00:00,16.65
2025-07-22 00:00:00,16.5
2025-07-23 00:00:00,15.37
2025-07-24 00:00:00,15.39
2025-07-25 00:00:00,14.93
2025-07-28 00:00:00,15.03
2025-07-29 00:00:00,15.98
2025-07-30 00:00:00,15.48
2025-07-31 00:00:00,16.72
2025-08-01 00:00:00,20.38
2025-08-04 00:00:00,17.52
2025-08-05 00:00:00,17.85
2025-08-06 00:00:00,16.77
2025-08-07 00:00:00,16.57
2025-08-08 00:00:00,15.15
2025-08-11 00:00:00,16.25
2025-08-12 00:00:00,14.73
2025-08-13 00:00:00,14.49
2025-08-14 00:00:00,14.83
2025-08-15 00:00:00,15.09
2025-08-18 00:00:00,14.99
2025-08-19 00:00:00,15.57
2025-08-20 00:00:00,15.69
2025-08-21 00:00:00,16.6
2025-08-22 00:00:00,14.22
2025-08-25 00:00:00,14.79
2025-08-26 00:00:00,14.62
2025-08-27 00:00:00,14.85
2025-08-28 00:00:00,14.43
2025-08-29 00:00:00,15.36
2025-09-01 00:00:00,16.12
2025-09-02 00:00:00,17.17
2025-09-03 00:00:00,16.35
2025-09-04 00:00:00,15.3
2025-09-05 00:00:00,15.18
2025-09-08 00:00:00,15.11
2025-09-09 00:00:00,15.04
2025-09-10 00:00:00,15.35
2025-09-11 00:00:00,14.71
2025-09-12 00:00:00,14.76
2025-09-15 00:00:00,15.69
2025-09-16 00:00:00,16.36
2025-09-17 00:00:00,15.72
2025-09-18 00:00:00,15.7
2025-09-19 00:00:00,15.45
2025-09-22 00:00:00,16.1
2025-09-23 00:00:00,16.64
2025-09-24 00:00:00,16.18
2025-09-25 00:00:00,16.74
2025-09-26 00:00:00,15.29
2025-09-29 00:00:00,16.12
2025-09-30 00:00:00,16.28
2025-10-01 00:00:00,16.29
2025-10-02 00:00:00,16.63
2025-10-03 00:00:00,16.65
2025-10-06 00:00:00,16.37
2025-10-07 00:00:00,17.24
2025-10-08 00:00:00,16.3
2025-10-09 00:00:00,16.43
2025-10-10 00:00:00,21.66
2025-10-13 00:00:00,19.03
2025-10-14 00:00:00,20.81
2025-10-15 00:00:00,20.64
2025-10-16 00:00:00,25.31
2025-10-17 00:00:00,20.78
2025-10-20 00:00:00,18.23
2025-10-21 00:00:00,17.87
2025-10-22 00:00:00,18.6
2025-10-23 00:00:00,17.3
2025-10-24 00:00:00,16.37
2025-10-27 00:00:00,15.79
2025-10-28 00:00:00,16.42
2025-10-29 00:00:00,16.92
2025-10-30 00:00:00,16.91
2025-10-31 00:00:00,17.44
2025-11-03 00:00:00,17.17
2025-11-04 00:00:00,19.0
2025-11-05 00:00:00,18.01
2025-11-06 00:00:00,19.5
2025-11-07 00:00:00,19.08
2025-11-10 00:00:00,17.6
2025-11-11 00:00:00,17.28
2025-11-12 00:00:00,17.51
2025-11-13 00:00:00,20.0
2025-11-14 00:00:00,19.83
2025-11-17 00:00:00,22.38
2025-11-18 00:00:00,24.69
2025-11-19 00:00:00,23.66
2025-11-20 00:00:00,26.42
2025-11-21 00:00:00,23.43
2025-11-24 00:00:00,20.52
2025-11-25 00:00:00,18.56
2025-11-26 00:00:00,17.19
2025-11-27 00:00:00,17.21
2025-11-28 00:00:00,16.35
2025-12-01 00:00:00,17.24
2025-12-02 00:00:00,16.59
2025-12-03 00:00:00,16.08
2025-12-04 00:00:00,15.78
2025-12-05 00:00:00,15.41
2025-12-08 00:00:00,16.66
2025-12-09 00:00:00,16.93
2025-12-10 00:00:00,15.77
2025-12-11 00:00:00,14.85
2025-12-12 00:00:00,15.74
2025-12-15 00:00:00,16.5
2025-12-16 00:00:00,16.48
2025-12-17 00:00:00,17.62
2025-12-18 00:00:00,16.87
2025-12-19 00:00:00,14.91
2025-12-22 00:00:00,14.08
2025-12-23 00:00:00,14.0
2025-12-24 00:00:00,13.47
2025-12-25 00:00:00,13.47
2025-12-26 00:00:00,13.6
2025-12-29 00:00:00,14.2
2025-12-30 00:00:00,14.33
2025-12-31 00:00:00,14.95
2026-01-01 00:00:00,14.95
2026-01-02 00:00:00,14.51
2026-01-05 00:00:00,14.9
2026-01-06 00:00:00,14.75
2026-01-07 00:00:00,15.38
2026-01-08 00:00:00,15.45
2026-01-09 00:00:00,14.49
2026-01-12 00:00:00,15.12
2026-01-13 00:00:00,15.98
2026-01-14 00:00:00,16.75
2026-01-15 00:00:00,15.84
2026-01-16 00:00:00,15.86
2026-01-19 00:00:00,18.84
2026-01-20 00:00:00,20.09
2026-01-21 00:00:00,16.9
2026-01-22 00:00:00,15.64
2026-01-23 00:00:00,16.09
2026-01-26 00:00:00,16.15
2026-01-27 00:00:00,16.35
2026-01-28 00:00:00,16.35
2026-01-29 00:00:00,16.88
2026-01-30 00:00:00,17.44
2026-02-02 00:00:00,16.34
2026-02-03 00:00:00,18.0
2026-02-04 00:00:00,18.64
2026-02-05 00:00:00,21.77
2026-02-06 00:00:00,17.76
2026-02-09 00:00:00,17.36
2026-02-10 00:00:00,17.79
2026-02-11 00:00:00,17.65
2026-02-12 00:00:00,20.82
2026-02-13 00:00:00,20.6
2026-02-16 00:00:00,21.2
2026-02-17 00:00:00,20.29
2026-02-18 00:00:00,19.62
2026-02-19 00:00:00,20.23
2026-02-20 00:00:00,19.09
2026-02-23 00:00:00,21.01
2026-02-24 00:00:00,19.55
2026-02-25 00:00:00,17.93
2026-02-26 00:00:00,18.63
2026-02-27 00:00:00,19.86
2026-03-02 00:00:00,21.44
2026-03-03 00:00:00,23.57
2026-03-04 00:00:00,21.15
2026-03-05 00:00:00,23.75
2026-03-06 00:00:00,29.49
2026-03-09 00:00:00,25.5
2026-03-10 00:00:00,24.93
2026-03-11 00:00:00,24.23
2026-03-12 00:00:00,27.29
2026-03-13 00:00:00,27.19
2026-03-16 00:00:00,23.51
2026-03-17 00:00:00,22.37
2026-03-18 00:00:00,25.09
2026-03-19 00:00:00,24.06
2026-03-20 00:00:00,26.78
2026-03-23 00:00:00,26.15
2026-03-24 00:00:00,26.95
2026-03-25 00:00:00,25.33
2026-03-26 00:00:00,27.44
2026-03-27 00:00:00,31.05
2026-03-30 00:00:00,30.61
2026-03-31 00:00:00,25.25
2026-04-01 00:00:00,24.54
2026-04-02 00:00:00,23.87
2026-04-03 00:00:00,23.87
2026-04-06 00:00:00,24.17
2026-04-07 00:00:00,25.78
2026-04-08 00:00:00,21.04
2026-04-09 00:00:00,19.49
2026-04-10 00:00:00,19.23
2026-04-13 00:00:00,19.12
2026-04-14 00:00:00,18.36
2026-04-15 00:00:00,18.17
2026-04-16 00:00:00,17.94
2026-04-17 00:00:00,17.48
2026-04-20 00:00:00,18.87
2026-04-21 00:00:00,19.5
2026-04-22 00:00:00,18.92
2026-04-23 00:00:00,19.31
2026-04-24 00:00:00,18.71
2026-04-27 00:00:00,18.02
2026-04-28 00:00:00,17.83
2026-04-29 00:00:00,18.81
2026-04-30 00:00:00,16.89
2026-05-01 00:00:00,16.99
2026-05-04 00:00:00,18.29
2026-05-05 00:00:00,17.38
2026-05-06 00:00:00,17.39
2026-05-07 00:00:00,17.08
2026-05-08 00:00:00,17.19
2026-05-11 00:00:00,18.38
2026-05-12 00:00:00,17.99
2026-05-13 00:00:00,17.87
2026-05-14 00:00:00,17.26
2026-05-15 00:00:00,18.43
2026-05-18 00:00:00,17.82
2026-05-19 00:00:00,18.06
2026-05-20 00:00:00,17.44
2026-05-21 00:00:00,16.76
2026-05-22 00:00:00,16.7
2026-05-25 00:00:00,16.59
2026-05-26 00:00:00,17.01
2026-05-27 00:00:00,16.29
2026-05-28 00:00:00,15.74
2026-05-29 00:00:00,15.32
2026-06-01 00:00:00,16.05
2026-06-02 00:00:00,15.77
2026-06-03 00:00:00,16.06
2026-06-04 00:00:00,15.4
2026-06-05 00:00:00,21.51
2026-06-08 00:00:00,18.92
2026-06-09 00:00:00,19.87
2026-06-10 00:00:00,22.22
2026-06-11 00:00:00,19.44
2026-06-12 00:00:00,17.68
2026-06-15 00:00:00,16.2
2026-06-16 00:00:00,16.41
2026-06-17 00:00:00,18.44
2026-06-18 00:00:00,16.4
2026-06-19 00:00:00,16.78
2026-06-22 00:00:00,17.54
